date_county,Daily Mean PM2.5 Concentration,DAILY_AQI_VALUE
"01/01/2017, Cuyahoga",11.8,49
"01/04/2017, Cuyahoga",5.6,23
"01/07/2017, Cuyahoga",16.6,60
"01/10/2017, Cuyahoga",5.0,21
"01/13/2017, Cuyahoga",6.2,26
"01/16/2017, Cuyahoga",22.9,74
"01/19/2017, Cuyahoga",8.6,36
"01/22/2017, Cuyahoga",6.8,28
"01/25/2017, Cuyahoga",7.9,33
"01/28/2017, Cuyahoga",11.5,48
"01/31/2017, Cuyahoga",7.6,32
"02/03/2017, Cuyahoga",6.4,27
"02/06/2017, Cuyahoga",18.2,64
"02/09/2017, Cuyahoga",3.4,14
"02/12/2017, Cuyahoga",15.6,58
"02/15/2017, Cuyahoga",3.8,16
"02/18/2017, Cuyahoga",10.2,43
"02/21/2017, Cuyahoga",12.7,52
"02/24/2017, Cuyahoga",7.4,31
"02/27/2017, Cuyahoga",6.5,27
"03/08/2017, Cuyahoga",2.4,10
"03/11/2017, Cuyahoga",3.0,13
"03/14/2017, Cuyahoga",2.9,12
"03/17/2017, Cuyahoga",13.4,54
"03/20/2017, Cuyahoga",15.1,57
"03/23/2017, Cuyahoga",5.3,22
"03/26/2017, Cuyahoga",10.2,43
"03/29/2017, Cuyahoga",4.1,17
"04/01/2017, Cuyahoga",4.5,19
"04/04/2017, Cuyahoga",3.3,14
"04/07/2017, Cuyahoga",2.0,8
"04/10/2017, Cuyahoga",8.5,35
"04/13/2017, Cuyahoga",4.9,20
"04/16/2017, Cuyahoga",7.5,31
"04/19/2017, Cuyahoga",7.9,33
"04/22/2017, Cuyahoga",2.7,11
"04/25/2017, Cuyahoga",3.1,13
"04/28/2017, Cuyahoga",4.4,18
"05/01/2017, Cuyahoga",5.9,25
"05/04/2017, Cuyahoga",5.6,23
"05/07/2017, Cuyahoga",2.8,12
"05/10/2017, Cuyahoga",4.0,17
"05/13/2017, Cuyahoga",7.3,30
"05/16/2017, Cuyahoga",8.9,37
"05/19/2017, Cuyahoga",12.0,50
"05/22/2017, Cuyahoga",4.2,18
"05/25/2017, Cuyahoga",3.2,13
"05/28/2017, Cuyahoga",8.9,37
"05/31/2017, Cuyahoga",4.4,18
"06/03/2017, Cuyahoga",7.2,30
"06/06/2017, Cuyahoga",2.9,12
"06/09/2017, Cuyahoga",7.6,32
"06/12/2017, Cuyahoga",13.1,53
"06/15/2017, Cuyahoga",7.5,31
"06/18/2017, Cuyahoga",8.0,33
"06/21/2017, Cuyahoga",4.5,19
"06/24/2017, Cuyahoga",4.4,18
"06/27/2017, Cuyahoga",3.7,15
"06/30/2017, Cuyahoga",5.2,22
"07/03/2017, Cuyahoga",7.4,31
"07/06/2017, Cuyahoga",13.1,53
"07/09/2017, Cuyahoga",5.8,24
"07/12/2017, Cuyahoga",10.0,42
"07/15/2017, Cuyahoga",5.7,24
"07/18/2017, Cuyahoga",9.4,39
"07/21/2017, Cuyahoga",10.6,44
"07/24/2017, Cuyahoga",5.6,23
"07/27/2017, Cuyahoga",10.9,45
"07/30/2017, Cuyahoga",6.4,27
"08/02/2017, Cuyahoga",14.7,56
"08/05/2017, Cuyahoga",4.6,19
"08/08/2017, Cuyahoga",6.7,28
"08/11/2017, Cuyahoga",12.8,52
"08/14/2017, Cuyahoga",8.4,35
"08/17/2017, Cuyahoga",10.8,45
"08/20/2017, Cuyahoga",11.2,47
"08/23/2017, Cuyahoga",4.4,18
"08/26/2017, Cuyahoga",6.4,27
"08/29/2017, Cuyahoga",9.3,39
"09/01/2017, Cuyahoga",2.2,9
"09/04/2017, Cuyahoga",12.4,52
"09/07/2017, Cuyahoga",3.1,13
"09/10/2017, Cuyahoga",2.1,9
"09/13/2017, Cuyahoga",6.2,26
"09/16/2017, Cuyahoga",11.0,46
"09/19/2017, Cuyahoga",15.7,59
"09/22/2017, Cuyahoga",10.9,45
"09/25/2017, Cuyahoga",12.9,53
"09/28/2017, Cuyahoga",2.3,10
"10/01/2017, Cuyahoga",3.7,15
"10/04/2017, Cuyahoga",6.9,29
"10/07/2017, Cuyahoga",8.0,33
"10/10/2017, Cuyahoga",11.4,48
"10/13/2017, Cuyahoga",5.1,21
"10/16/2017, Cuyahoga",2.2,9
"10/19/2017, Cuyahoga",8.1,34
"10/22/2017, Cuyahoga",10.9,45
"10/25/2017, Cuyahoga",3.2,13
"10/28/2017, Cuyahoga",3.8,16
"10/31/2017, Cuyahoga",3.9,16
"11/03/2017, Cuyahoga",3.1,13
"11/06/2017, Cuyahoga",2.5,10
"11/09/2017, Cuyahoga",8.7,36
"11/12/2017, Cuyahoga",10.5,44
"11/15/2017, Cuyahoga",10.0,42
"11/18/2017, Cuyahoga",4.8,20
"11/21/2017, Cuyahoga",4.7,20
"11/24/2017, Cuyahoga",7.3,30
"11/27/2017, Cuyahoga",11.3,47
"11/30/2017, Cuyahoga",9.2,38
"12/03/2017, Cuyahoga",24.0,76
"12/06/2017, Cuyahoga",4.0,17
"12/09/2017, Cuyahoga",10.2,43
"12/12/2017, Cuyahoga",3.8,16
"12/15/2017, Cuyahoga",9.6,40
"12/18/2017, Cuyahoga",12.7,52
"12/21/2017, Cuyahoga",4.5,19
"12/24/2017, Cuyahoga",11.5,48
"12/27/2017, Cuyahoga",9.8,41
"12/30/2017, Cuyahoga",12.5,52
"01/01/2017, Cuyahoga",12.4,52
"01/04/2017, Cuyahoga",6.6,28
"01/07/2017, Cuyahoga",18.0,63
"01/10/2017, Cuyahoga",12.1,51
"01/13/2017, Cuyahoga",6.7,28
"01/16/2017, Cuyahoga",30.7,90
"01/19/2017, Cuyahoga",8.6,36
"01/22/2017, Cuyahoga",12.5,52
"01/25/2017, Cuyahoga",9.7,40
"01/28/2017, Cuyahoga",10.7,45
"01/31/2017, Cuyahoga",8.7,36
"02/03/2017, Cuyahoga",8.1,34
"02/06/2017, Cuyahoga",22.6,73
"02/09/2017, Cuyahoga",3.8,16
"02/12/2017, Cuyahoga",16.5,60
"02/15/2017, Cuyahoga",4.4,18
"02/18/2017, Cuyahoga",9.4,39
"02/21/2017, Cuyahoga",18.7,65
"02/24/2017, Cuyahoga",11.6,48
"02/27/2017, Cuyahoga",7.2,30
"03/02/2017, Cuyahoga",3.7,15
"03/05/2017, Cuyahoga",9.4,39
"03/08/2017, Cuyahoga",3.2,13
"03/11/2017, Cuyahoga",4.1,17
"03/14/2017, Cuyahoga",3.3,14
"03/17/2017, Cuyahoga",20.4,68
"03/20/2017, Cuyahoga",17.9,63
"03/23/2017, Cuyahoga",12.8,52
"03/26/2017, Cuyahoga",14.2,55
"03/29/2017, Cuyahoga",4.6,19
"04/01/2017, Cuyahoga",5.7,24
"04/04/2017, Cuyahoga",3.6,15
"04/07/2017, Cuyahoga",2.5,10
"04/10/2017, Cuyahoga",10.5,44
"04/13/2017, Cuyahoga",6.7,28
"04/16/2017, Cuyahoga",7.9,33
"04/19/2017, Cuyahoga",9.1,38
"04/22/2017, Cuyahoga",2.5,10
"04/25/2017, Cuyahoga",5.7,24
"04/28/2017, Cuyahoga",7.3,30
"05/01/2017, Cuyahoga",7.9,33
"05/04/2017, Cuyahoga",7.2,30
"05/07/2017, Cuyahoga",2.2,9
"05/10/2017, Cuyahoga",6.0,25
"05/13/2017, Cuyahoga",7.9,33
"05/16/2017, Cuyahoga",13.5,54
"05/19/2017, Cuyahoga",4.8,20
"05/22/2017, Cuyahoga",4.3,18
"05/25/2017, Cuyahoga",4.3,18
"05/28/2017, Cuyahoga",12.3,51
"05/31/2017, Cuyahoga",6.6,28
"06/03/2017, Cuyahoga",8.5,35
"06/06/2017, Cuyahoga",2.7,11
"06/09/2017, Cuyahoga",11.6,48
"06/12/2017, Cuyahoga",11.4,48
"06/15/2017, Cuyahoga",9.2,38
"06/18/2017, Cuyahoga",7.7,32
"06/21/2017, Cuyahoga",5.9,25
"06/24/2017, Cuyahoga",4.6,19
"06/27/2017, Cuyahoga",3.5,15
"06/30/2017, Cuyahoga",9.1,38
"07/03/2017, Cuyahoga",7.0,29
"07/06/2017, Cuyahoga",16.6,60
"07/09/2017, Cuyahoga",7.3,30
"07/12/2017, Cuyahoga",9.6,40
"07/15/2017, Cuyahoga",5.7,24
"07/18/2017, Cuyahoga",14.2,55
"07/21/2017, Cuyahoga",8.9,37
"07/24/2017, Cuyahoga",5.0,21
"07/27/2017, Cuyahoga",13.7,54
"07/30/2017, Cuyahoga",6.1,25
"08/02/2017, Cuyahoga",18.7,65
"08/05/2017, Cuyahoga",5.6,23
"08/08/2017, Cuyahoga",7.2,30
"08/11/2017, Cuyahoga",14.5,56
"08/14/2017, Cuyahoga",11.7,49
"08/17/2017, Cuyahoga",13.4,54
"08/20/2017, Cuyahoga",15.9,59
"08/23/2017, Cuyahoga",6.0,25
"08/26/2017, Cuyahoga",8.7,36
"08/29/2017, Cuyahoga",11.6,48
"09/01/2017, Cuyahoga",4.3,18
"09/04/2017, Cuyahoga",12.1,51
"09/07/2017, Cuyahoga",3.1,13
"09/10/2017, Cuyahoga",7.7,32
"09/13/2017, Cuyahoga",9.2,38
"09/16/2017, Cuyahoga",16.1,59
"09/19/2017, Cuyahoga",19.0,66
"09/22/2017, Cuyahoga",16.9,61
"09/25/2017, Cuyahoga",19.4,66
"09/28/2017, Cuyahoga",2.5,10
"10/01/2017, Cuyahoga",8.6,36
"10/07/2017, Cuyahoga",12.0,50
"10/10/2017, Cuyahoga",15.9,59
"10/13/2017, Cuyahoga",9.1,38
"10/16/2017, Cuyahoga",3.5,15
"10/19/2017, Cuyahoga",7.8,33
"10/22/2017, Cuyahoga",17.5,62
"10/25/2017, Cuyahoga",3.2,13
"10/28/2017, Cuyahoga",3.1,13
"11/03/2017, Cuyahoga",3.3,14
"11/06/2017, Cuyahoga",2.4,10
"11/09/2017, Cuyahoga",15.0,57
"11/12/2017, Cuyahoga",17.4,62
"11/15/2017, Cuyahoga",21.5,71
"11/18/2017, Cuyahoga",13.8,55
"11/21/2017, Cuyahoga",5.9,25
"11/24/2017, Cuyahoga",9.6,40
"11/27/2017, Cuyahoga",15.5,58
"11/30/2017, Cuyahoga",15.4,58
"12/03/2017, Cuyahoga",33.7,96
"12/06/2017, Cuyahoga",6.6,28
"12/09/2017, Cuyahoga",15.1,57
"12/12/2017, Cuyahoga",4.2,18
"12/15/2017, Cuyahoga",15.6,58
"12/18/2017, Cuyahoga",12.2,51
"12/21/2017, Cuyahoga",7.1,30
"12/24/2017, Cuyahoga",13.7,54
"12/27/2017, Cuyahoga",13.3,54
"12/30/2017, Cuyahoga",12.1,51
"01/01/2017, Cuyahoga",12.6,52
"01/04/2017, Cuyahoga",6.6,28
"01/10/2017, Cuyahoga",12.0,50
"01/13/2017, Cuyahoga",6.3,26
"01/16/2017, Cuyahoga",31.9,93
"01/19/2017, Cuyahoga",8.5,35
"01/22/2017, Cuyahoga",13.2,53
"01/25/2017, Cuyahoga",9.4,39
"01/28/2017, Cuyahoga",11.2,47
"01/31/2017, Cuyahoga",10.0,42
"02/03/2017, Cuyahoga",8.5,35
"02/06/2017, Cuyahoga",21.8,71
"02/09/2017, Cuyahoga",3.2,13
"02/12/2017, Cuyahoga",15.1,57
"02/15/2017, Cuyahoga",3.9,16
"02/18/2017, Cuyahoga",9.7,40
"02/21/2017, Cuyahoga",18.8,65
"02/24/2017, Cuyahoga",11.2,47
"02/27/2017, Cuyahoga",7.3,30
"03/02/2017, Cuyahoga",3.3,14
"03/05/2017, Cuyahoga",9.4,39
"03/08/2017, Cuyahoga",2.2,9
"03/11/2017, Cuyahoga",4.2,18
"03/14/2017, Cuyahoga",3.0,13
"03/17/2017, Cuyahoga",21.2,70
"03/20/2017, Cuyahoga",18.9,65
"03/23/2017, Cuyahoga",12.8,52
"03/26/2017, Cuyahoga",14.0,55
"04/01/2017, Cuyahoga",6.2,26
"04/04/2017, Cuyahoga",3.7,15
"04/07/2017, Cuyahoga",2.4,10
"04/10/2017, Cuyahoga",10.9,45
"04/13/2017, Cuyahoga",7.1,30
"04/16/2017, Cuyahoga",7.5,31
"04/19/2017, Cuyahoga",9.6,40
"04/22/2017, Cuyahoga",2.5,10
"04/25/2017, Cuyahoga",3.7,15
"04/28/2017, Cuyahoga",4.7,20
"05/01/2017, Cuyahoga",6.4,27
"05/04/2017, Cuyahoga",7.9,33
"05/07/2017, Cuyahoga",1.8,8
"05/10/2017, Cuyahoga",5.6,23
"05/13/2017, Cuyahoga",7.7,32
"05/16/2017, Cuyahoga",12.0,50
"05/19/2017, Cuyahoga",4.0,17
"05/22/2017, Cuyahoga",3.7,15
"05/25/2017, Cuyahoga",4.3,18
"05/28/2017, Cuyahoga",12.0,50
"05/31/2017, Cuyahoga",6.2,26
"06/03/2017, Cuyahoga",8.4,35
"06/06/2017, Cuyahoga",2.3,10
"06/09/2017, Cuyahoga",12.0,50
"06/15/2017, Cuyahoga",9.7,40
"06/18/2017, Cuyahoga",7.6,32
"06/21/2017, Cuyahoga",5.8,24
"06/24/2017, Cuyahoga",4.7,20
"06/27/2017, Cuyahoga",3.3,14
"06/30/2017, Cuyahoga",7.4,31
"07/03/2017, Cuyahoga",7.0,29
"07/06/2017, Cuyahoga",16.7,61
"07/09/2017, Cuyahoga",7.5,31
"07/12/2017, Cuyahoga",9.9,41
"07/15/2017, Cuyahoga",4.8,20
"07/18/2017, Cuyahoga",13.9,55
"08/02/2017, Cuyahoga",19.4,66
"08/05/2017, Cuyahoga",5.7,24
"08/08/2017, Cuyahoga",8.0,33
"08/11/2017, Cuyahoga",14.9,57
"08/14/2017, Cuyahoga",12.0,50
"08/17/2017, Cuyahoga",12.8,52
"08/20/2017, Cuyahoga",16.6,60
"08/23/2017, Cuyahoga",6.0,25
"08/29/2017, Cuyahoga",12.5,52
"09/01/2017, Cuyahoga",4.1,17
"09/04/2017, Cuyahoga",12.4,52
"09/07/2017, Cuyahoga",3.5,15
"09/10/2017, Cuyahoga",7.7,32
"09/16/2017, Cuyahoga",16.2,60
"09/19/2017, Cuyahoga",19.6,67
"09/22/2017, Cuyahoga",16.8,61
"09/25/2017, Cuyahoga",19.3,66
"09/28/2017, Cuyahoga",2.2,9
"10/01/2017, Cuyahoga",8.5,35
"10/04/2017, Cuyahoga",10.1,42
"10/07/2017, Cuyahoga",11.7,49
"10/10/2017, Cuyahoga",16.5,60
"10/13/2017, Cuyahoga",9.1,38
"10/16/2017, Cuyahoga",3.2,13
"10/19/2017, Cuyahoga",8.0,33
"10/22/2017, Cuyahoga",17.4,62
"10/25/2017, Cuyahoga",3.2,13
"10/28/2017, Cuyahoga",3.4,14
"10/31/2017, Cuyahoga",4.4,18
"11/03/2017, Cuyahoga",3.3,14
"11/06/2017, Cuyahoga",2.6,11
"11/09/2017, Cuyahoga",17.6,63
"11/12/2017, Cuyahoga",18.0,63
"11/15/2017, Cuyahoga",21.5,71
"11/18/2017, Cuyahoga",13.7,54
"11/21/2017, Cuyahoga",5.2,22
"11/24/2017, Cuyahoga",9.7,40
"11/27/2017, Cuyahoga",15.7,59
"11/30/2017, Cuyahoga",15.4,58
"12/03/2017, Cuyahoga",33.7,96
"12/06/2017, Cuyahoga",6.5,27
"12/09/2017, Cuyahoga",21.2,70
"12/12/2017, Cuyahoga",4.6,19
"12/15/2017, Cuyahoga",21.4,71
"12/18/2017, Cuyahoga",13.4,54
"12/21/2017, Cuyahoga",6.7,28
"12/24/2017, Cuyahoga",13.8,55
"12/27/2017, Cuyahoga",15.4,58
"01/01/2017, Cuyahoga",11.9,50
"01/04/2017, Cuyahoga",8.9,37
"01/07/2017, Cuyahoga",17.1,62
"01/10/2017, Cuyahoga",5.6,23
"01/13/2017, Cuyahoga",7.9,33
"01/16/2017, Cuyahoga",24.3,77
"01/19/2017, Cuyahoga",7.8,33
"01/22/2017, Cuyahoga",8.7,36
"01/25/2017, Cuyahoga",7.8,33
"01/28/2017, Cuyahoga",12.0,50
"01/31/2017, Cuyahoga",9.0,38
"02/03/2017, Cuyahoga",13.3,54
"02/06/2017, Cuyahoga",20.7,69
"02/09/2017, Cuyahoga",7.7,32
"02/12/2017, Cuyahoga",19.3,66
"02/15/2017, Cuyahoga",12.3,51
"02/18/2017, Cuyahoga",11.2,47
"02/21/2017, Cuyahoga",13.2,53
"02/24/2017, Cuyahoga",8.5,35
"02/27/2017, Cuyahoga",6.4,27
"03/02/2017, Cuyahoga",4.8,20
"03/05/2017, Cuyahoga",8.9,37
"03/08/2017, Cuyahoga",6.0,25
"03/11/2017, Cuyahoga",7.4,31
"03/14/2017, Cuyahoga",3.3,14
"03/17/2017, Cuyahoga",13.9,55
"03/20/2017, Cuyahoga",15.2,58
"03/23/2017, Cuyahoga",7.3,30
"03/26/2017, Cuyahoga",10.4,43
"03/29/2017, Cuyahoga",8.6,36
"04/01/2017, Cuyahoga",13.5,54
"04/04/2017, Cuyahoga",6.4,27
"04/07/2017, Cuyahoga",3.2,13
"04/10/2017, Cuyahoga",9.2,38
"04/13/2017, Cuyahoga",5.4,23
"04/19/2017, Cuyahoga",8.9,37
"04/20/2017, Cuyahoga",10.0,42
"04/22/2017, Cuyahoga",3.8,16
"04/25/2017, Cuyahoga",4.2,18
"04/28/2017, Cuyahoga",6.9,29
"05/01/2017, Cuyahoga",7.7,32
"05/04/2017, Cuyahoga",6.6,28
"05/10/2017, Cuyahoga",4.9,20
"05/13/2017, Cuyahoga",8.5,35
"05/16/2017, Cuyahoga",10.5,44
"05/19/2017, Cuyahoga",5.6,23
"05/22/2017, Cuyahoga",7.0,29
"05/25/2017, Cuyahoga",4.5,19
"05/28/2017, Cuyahoga",10.0,42
"05/31/2017, Cuyahoga",9.5,40
"06/03/2017, Cuyahoga",9.6,40
"06/06/2017, Cuyahoga",3.2,13
"06/09/2017, Cuyahoga",10.3,43
"06/12/2017, Cuyahoga",14.9,57
"06/15/2017, Cuyahoga",15.2,58
"06/18/2017, Cuyahoga",12.4,52
"06/21/2017, Cuyahoga",5.9,25
"06/24/2017, Cuyahoga",12.2,51
"06/27/2017, Cuyahoga",6.5,27
"06/30/2017, Cuyahoga",7.2,30
"07/03/2017, Cuyahoga",11.3,47
"07/06/2017, Cuyahoga",18.2,64
"07/09/2017, Cuyahoga",10.0,42
"07/12/2017, Cuyahoga",12.6,52
"07/15/2017, Cuyahoga",7.9,33
"07/18/2017, Cuyahoga",12.0,50
"07/21/2017, Cuyahoga",11.1,46
"07/24/2017, Cuyahoga",6.2,26
"07/27/2017, Cuyahoga",12.1,51
"07/30/2017, Cuyahoga",8.2,34
"08/02/2017, Cuyahoga",17.6,63
"08/05/2017, Cuyahoga",8.3,35
"08/08/2017, Cuyahoga",7.8,33
"08/11/2017, Cuyahoga",13.4,54
"08/14/2017, Cuyahoga",9.2,38
"08/17/2017, Cuyahoga",10.9,45
"08/20/2017, Cuyahoga",12.5,52
"08/23/2017, Cuyahoga",10.1,42
"08/26/2017, Cuyahoga",8.2,34
"09/01/2017, Cuyahoga",2.2,9
"09/04/2017, Cuyahoga",13.8,55
"09/07/2017, Cuyahoga",6.1,25
"09/10/2017, Cuyahoga",4.2,18
"09/13/2017, Cuyahoga",6.3,26
"09/16/2017, Cuyahoga",13.3,54
"09/22/2017, Cuyahoga",11.8,49
"09/25/2017, Cuyahoga",11.8,49
"10/01/2017, Cuyahoga",6.0,25
"10/04/2017, Cuyahoga",8.4,35
"10/07/2017, Cuyahoga",7.4,31
"10/10/2017, Cuyahoga",12.8,52
"10/13/2017, Cuyahoga",5.9,25
"10/16/2017, Cuyahoga",4.0,17
"10/19/2017, Cuyahoga",10.8,45
"10/22/2017, Cuyahoga",12.2,51
"10/25/2017, Cuyahoga",4.8,20
"10/28/2017, Cuyahoga",3.9,16
"10/31/2017, Cuyahoga",6.4,27
"11/03/2017, Cuyahoga",4.5,19
"11/06/2017, Cuyahoga",3.0,13
"11/09/2017, Cuyahoga",12.8,52
"11/12/2017, Cuyahoga",14.8,57
"11/15/2017, Cuyahoga",12.9,53
"11/18/2017, Cuyahoga",5.6,23
"11/21/2017, Cuyahoga",6.8,28
"11/24/2017, Cuyahoga",7.5,31
"11/27/2017, Cuyahoga",15.9,59
"11/30/2017, Cuyahoga",11.7,49
"12/03/2017, Cuyahoga",27.4,83
"12/06/2017, Cuyahoga",6.1,25
"12/09/2017, Cuyahoga",12.5,52
"12/12/2017, Cuyahoga",5.1,21
"12/15/2017, Cuyahoga",11.9,50
"12/18/2017, Cuyahoga",13.4,54
"12/21/2017, Cuyahoga",6.0,25
"12/24/2017, Cuyahoga",13.5,54
"12/27/2017, Cuyahoga",15.6,58
"12/30/2017, Cuyahoga",16.3,60
"01/04/2017, Cuyahoga",5.7,24
"01/07/2017, Cuyahoga",15.7,59
"01/10/2017, Cuyahoga",11.1,46
"01/13/2017, Cuyahoga",7.7,32
"01/16/2017, Cuyahoga",28.5,85
"01/19/2017, Cuyahoga",8.7,36
"01/22/2017, Cuyahoga",9.7,40
"01/25/2017, Cuyahoga",7.8,33
"01/28/2017, Cuyahoga",12.8,52
"01/31/2017, Cuyahoga",7.8,33
"02/03/2017, Cuyahoga",8.5,35
"02/06/2017, Cuyahoga",20.6,69
"02/09/2017, Cuyahoga",3.5,15
"02/12/2017, Cuyahoga",15.3,58
"02/15/2017, Cuyahoga",5.5,23
"02/18/2017, Cuyahoga",9.0,38
"02/21/2017, Cuyahoga",16.3,60
"02/24/2017, Cuyahoga",9.8,41
"02/27/2017, Cuyahoga",6.7,28
"03/02/2017, Cuyahoga",3.3,14
"03/05/2017, Cuyahoga",7.1,30
"03/11/2017, Cuyahoga",3.8,16
"03/14/2017, Cuyahoga",3.4,14
"03/17/2017, Cuyahoga",18.2,64
"03/20/2017, Cuyahoga",18.6,65
"03/23/2017, Cuyahoga",11.2,47
"03/26/2017, Cuyahoga",12.6,52
"03/29/2017, Cuyahoga",6.2,26
"04/01/2017, Cuyahoga",6.2,26
"04/04/2017, Cuyahoga",3.8,16
"04/07/2017, Cuyahoga",3.1,13
"04/10/2017, Cuyahoga",9.9,41
"04/13/2017, Cuyahoga",6.0,25
"04/16/2017, Cuyahoga",7.2,30
"04/19/2017, Cuyahoga",7.8,33
"04/22/2017, Cuyahoga",2.0,8
"04/25/2017, Cuyahoga",4.5,19
"04/28/2017, Cuyahoga",9.5,40
"05/04/2017, Cuyahoga",6.8,28
"05/07/2017, Cuyahoga",3.2,13
"05/10/2017, Cuyahoga",6.3,26
"05/13/2017, Cuyahoga",7.8,33
"05/16/2017, Cuyahoga",11.7,49
"05/19/2017, Cuyahoga",5.7,24
"05/22/2017, Cuyahoga",5.0,21
"05/25/2017, Cuyahoga",4.3,18
"05/28/2017, Cuyahoga",10.6,44
"05/31/2017, Cuyahoga",6.8,28
"06/03/2017, Cuyahoga",8.6,36
"06/06/2017, Cuyahoga",2.9,12
"06/09/2017, Cuyahoga",14.1,55
"06/12/2017, Cuyahoga",12.3,51
"06/15/2017, Cuyahoga",8.9,37
"06/18/2017, Cuyahoga",7.8,33
"06/21/2017, Cuyahoga",6.1,25
"06/24/2017, Cuyahoga",5.0,21
"06/27/2017, Cuyahoga",4.3,18
"06/30/2017, Cuyahoga",6.0,25
"07/03/2017, Cuyahoga",7.0,29
"07/06/2017, Cuyahoga",18.2,64
"07/12/2017, Cuyahoga",10.5,44
"07/15/2017, Cuyahoga",6.2,26
"07/18/2017, Cuyahoga",14.3,56
"07/21/2017, Cuyahoga",12.8,52
"07/24/2017, Cuyahoga",4.6,19
"07/27/2017, Cuyahoga",15.2,58
"07/30/2017, Cuyahoga",6.7,28
"08/02/2017, Cuyahoga",19.6,67
"08/05/2017, Cuyahoga",5.6,23
"08/08/2017, Cuyahoga",8.1,34
"08/11/2017, Cuyahoga",14.6,56
"08/14/2017, Cuyahoga",11.6,48
"08/17/2017, Cuyahoga",12.7,52
"08/23/2017, Cuyahoga",6.9,29
"08/26/2017, Cuyahoga",11.8,49
"08/29/2017, Cuyahoga",11.9,50
"09/01/2017, Cuyahoga",2.9,12
"09/04/2017, Cuyahoga",12.5,52
"09/07/2017, Cuyahoga",3.3,14
"09/10/2017, Cuyahoga",6.0,25
"09/13/2017, Cuyahoga",9.0,38
"09/16/2017, Cuyahoga",14.3,56
"09/19/2017, Cuyahoga",18.9,65
"09/22/2017, Cuyahoga",14.6,56
"09/25/2017, Cuyahoga",16.8,61
"09/28/2017, Cuyahoga",3.6,15
"10/01/2017, Cuyahoga",7.9,33
"10/04/2017, Cuyahoga",11.0,46
"10/07/2017, Cuyahoga",9.7,40
"10/10/2017, Cuyahoga",16.8,61
"10/13/2017, Cuyahoga",8.6,36
"10/16/2017, Cuyahoga",4.0,17
"10/19/2017, Cuyahoga",9.3,39
"10/22/2017, Cuyahoga",14.5,56
"10/25/2017, Cuyahoga",3.7,15
"10/28/2017, Cuyahoga",3.2,13
"10/31/2017, Cuyahoga",5.0,21
"11/03/2017, Cuyahoga",3.9,16
"11/06/2017, Cuyahoga",3.1,13
"11/09/2017, Cuyahoga",17.3,62
"11/12/2017, Cuyahoga",16.6,60
"11/15/2017, Cuyahoga",16.8,61
"11/18/2017, Cuyahoga",8.6,36
"11/21/2017, Cuyahoga",5.9,25
"11/24/2017, Cuyahoga",10.2,43
"11/27/2017, Cuyahoga",14.5,56
"11/30/2017, Cuyahoga",12.8,52
"12/03/2017, Cuyahoga",32.6,94
"12/06/2017, Cuyahoga",4.1,17
"12/09/2017, Cuyahoga",14.4,56
"12/12/2017, Cuyahoga",6.0,25
"12/15/2017, Cuyahoga",15.5,58
"12/18/2017, Cuyahoga",16.0,59
"12/21/2017, Cuyahoga",6.3,26
"12/24/2017, Cuyahoga",12.8,52
"12/27/2017, Cuyahoga",12.9,53
"12/30/2017, Cuyahoga",11.9,50
"01/01/2017, Cuyahoga",9.6,40
"01/02/2017, Cuyahoga",14.1,55
"01/03/2017, Cuyahoga",7.7,32
"01/04/2017, Cuyahoga",4.6,19
"01/05/2017, Cuyahoga",5.3,22
"01/06/2017, Cuyahoga",14.1,55
"01/07/2017, Cuyahoga",13.4,54
"01/08/2017, Cuyahoga",1.5,6
"01/09/2017, Cuyahoga",11.3,47
"01/10/2017, Cuyahoga",5.6,23
"01/11/2017, Cuyahoga",10.2,43
"01/12/2017, Cuyahoga",9.4,39
"01/13/2017, Cuyahoga",6.8,28
"01/14/2017, Cuyahoga",8.3,35
"01/15/2017, Cuyahoga",21.3,70
"01/16/2017, Cuyahoga",29.0,87
"01/17/2017, Cuyahoga",11.0,46
"01/18/2017, Cuyahoga",4.0,17
"01/19/2017, Cuyahoga",8.1,34
"01/20/2017, Cuyahoga",10.6,44
"01/21/2017, Cuyahoga",12.2,51
"01/22/2017, Cuyahoga",9.2,38
"01/23/2017, Cuyahoga",10.5,44
"01/24/2017, Cuyahoga",8.4,35
"01/25/2017, Cuyahoga",7.8,33
"01/26/2017, Cuyahoga",2.8,12
"01/27/2017, Cuyahoga",5.0,21
"01/28/2017, Cuyahoga",8.9,37
"01/29/2017, Cuyahoga",6.0,25
"01/30/2017, Cuyahoga",2.4,10
"01/31/2017, Cuyahoga",9.1,38
"02/01/2017, Cuyahoga",5.2,22
"02/02/2017, Cuyahoga",5.0,21
"02/03/2017, Cuyahoga",7.1,30
"02/04/2017, Cuyahoga",3.4,14
"02/05/2017, Cuyahoga",8.6,36
"02/06/2017, Cuyahoga",19.9,67
"02/07/2017, Cuyahoga",9.4,39
"02/08/2017, Cuyahoga",2.8,12
"02/09/2017, Cuyahoga",1.9,8
"02/10/2017, Cuyahoga",10.0,42
"02/11/2017, Cuyahoga",10.5,44
"02/12/2017, Cuyahoga",17.5,62
"02/13/2017, Cuyahoga",4.4,18
"02/14/2017, Cuyahoga",5.9,25
"02/15/2017, Cuyahoga",2.2,9
"02/16/2017, Cuyahoga",4.0,17
"02/17/2017, Cuyahoga",14.2,55
"02/18/2017, Cuyahoga",8.3,35
"02/19/2017, Cuyahoga",17.7,63
"02/20/2017, Cuyahoga",17.1,62
"02/21/2017, Cuyahoga",14.3,56
"02/22/2017, Cuyahoga",17.4,62
"02/23/2017, Cuyahoga",15.0,57
"02/24/2017, Cuyahoga",13.3,54
"02/25/2017, Cuyahoga",3.4,14
"02/26/2017, Cuyahoga",4.2,18
"02/27/2017, Cuyahoga",4.3,18
"02/28/2017, Cuyahoga",13.1,53
"03/02/2017, Cuyahoga",2.8,12
"03/03/2017, Cuyahoga",2.7,11
"03/04/2017, Cuyahoga",1.4,6
"03/07/2017, Cuyahoga",8.2,34
"03/10/2017, Cuyahoga",4.2,18
"03/11/2017, Cuyahoga",2.8,12
"03/12/2017, Cuyahoga",0.7,3
"03/13/2017, Cuyahoga",2.7,11
"03/14/2017, Cuyahoga",1.6,7
"03/15/2017, Cuyahoga",1.9,8
"03/16/2017, Cuyahoga",4.0,17
"03/17/2017, Cuyahoga",16.5,60
"03/18/2017, Cuyahoga",12.3,51
"03/19/2017, Cuyahoga",20.7,69
"03/20/2017, Cuyahoga",19.1,66
"03/21/2017, Cuyahoga",16.8,61
"03/22/2017, Cuyahoga",1.2,5
"03/23/2017, Cuyahoga",10.0,42
"03/24/2017, Cuyahoga",13.5,54
"03/25/2017, Cuyahoga",15.2,58
"03/26/2017, Cuyahoga",12.4,52
"03/27/2017, Cuyahoga",7.7,32
"03/28/2017, Cuyahoga",5.8,24
"03/29/2017, Cuyahoga",5.8,24
"03/30/2017, Cuyahoga",5.6,23
"03/31/2017, Cuyahoga",7.1,30
"04/01/2017, Cuyahoga",6.2,26
"04/02/2017, Cuyahoga",11.7,49
"04/03/2017, Cuyahoga",9.4,39
"04/04/2017, Cuyahoga",5.3,22
"04/05/2017, Cuyahoga",3.7,15
"04/06/2017, Cuyahoga",4.2,18
"04/07/2017, Cuyahoga",0.0,0
"04/08/2017, Cuyahoga",5.2,22
"04/11/2017, Cuyahoga",10.9,45
"04/12/2017, Cuyahoga",5.4,23
"04/13/2017, Cuyahoga",6.5,27
"04/14/2017, Cuyahoga",6.6,28
"04/15/2017, Cuyahoga",13.2,53
"04/16/2017, Cuyahoga",7.7,32
"04/17/2017, Cuyahoga",4.1,17
"04/18/2017, Cuyahoga",5.8,24
"04/19/2017, Cuyahoga",9.3,39
"04/20/2017, Cuyahoga",16.0,59
"04/21/2017, Cuyahoga",6.2,26
"04/22/2017, Cuyahoga",3.1,13
"04/23/2017, Cuyahoga",7.5,31
"04/24/2017, Cuyahoga",8.2,34
"04/25/2017, Cuyahoga",4.9,20
"04/26/2017, Cuyahoga",11.0,46
"04/27/2017, Cuyahoga",12.3,51
"04/28/2017, Cuyahoga",9.7,40
"04/29/2017, Cuyahoga",7.6,32
"04/30/2017, Cuyahoga",8.2,34
"05/01/2017, Cuyahoga",7.7,32
"05/02/2017, Cuyahoga",1.8,8
"05/03/2017, Cuyahoga",3.2,13
"05/04/2017, Cuyahoga",5.9,25
"05/05/2017, Cuyahoga",2.1,9
"05/06/2017, Cuyahoga",2.5,10
"05/07/2017, Cuyahoga",1.5,6
"05/08/2017, Cuyahoga",2.1,9
"05/09/2017, Cuyahoga",12.6,52
"05/10/2017, Cuyahoga",5.0,21
"05/11/2017, Cuyahoga",4.9,20
"05/12/2017, Cuyahoga",10.7,45
"05/13/2017, Cuyahoga",10.4,43
"05/14/2017, Cuyahoga",13.4,54
"05/15/2017, Cuyahoga",4.0,17
"05/16/2017, Cuyahoga",11.0,46
"05/17/2017, Cuyahoga",15.1,57
"05/18/2017, Cuyahoga",25.5,79
"05/19/2017, Cuyahoga",5.6,23
"05/20/2017, Cuyahoga",7.0,29
"05/21/2017, Cuyahoga",11.2,47
"05/22/2017, Cuyahoga",4.8,20
"05/23/2017, Cuyahoga",11.3,47
"05/24/2017, Cuyahoga",9.0,38
"05/25/2017, Cuyahoga",4.9,20
"05/26/2017, Cuyahoga",5.2,22
"05/27/2017, Cuyahoga",10.1,42
"05/28/2017, Cuyahoga",12.3,51
"05/29/2017, Cuyahoga",6.8,28
"05/30/2017, Cuyahoga",4.7,20
"05/31/2017, Cuyahoga",8.3,35
"06/01/2017, Cuyahoga",6.5,27
"06/02/2017, Cuyahoga",14.7,56
"06/03/2017, Cuyahoga",11.8,49
"06/04/2017, Cuyahoga",13.4,54
"06/05/2017, Cuyahoga",6.1,25
"06/06/2017, Cuyahoga",5.0,21
"06/07/2017, Cuyahoga",3.6,15
"06/08/2017, Cuyahoga",8.9,37
"06/09/2017, Cuyahoga",16.3,60
"06/10/2017, Cuyahoga",10.0,42
"06/14/2017, Cuyahoga",13.0,53
"06/15/2017, Cuyahoga",7.9,33
"06/16/2017, Cuyahoga",4.9,20
"06/17/2017, Cuyahoga",10.3,43
"06/18/2017, Cuyahoga",3.0,13
"06/19/2017, Cuyahoga",-0.1,0
"06/20/2017, Cuyahoga",0.3,1
"06/21/2017, Cuyahoga",5.0,21
"06/22/2017, Cuyahoga",7.8,33
"06/23/2017, Cuyahoga",-2.9,0
"06/24/2017, Cuyahoga",0.9,4
"06/25/2017, Cuyahoga",0.8,3
"06/26/2017, Cuyahoga",1.5,6
"06/27/2017, Cuyahoga",1.9,8
"06/28/2017, Cuyahoga",3.1,13
"06/29/2017, Cuyahoga",4.7,20
"06/30/2017, Cuyahoga",2.3,10
"07/01/2017, Cuyahoga",3.4,14
"07/02/2017, Cuyahoga",4.3,18
"07/03/2017, Cuyahoga",4.3,18
"07/04/2017, Cuyahoga",7.3,30
"07/05/2017, Cuyahoga",9.3,39
"07/06/2017, Cuyahoga",15.0,57
"07/07/2017, Cuyahoga",2.8,12
"07/08/2017, Cuyahoga",4.4,18
"07/09/2017, Cuyahoga",6.2,26
"07/10/2017, Cuyahoga",7.1,30
"07/11/2017, Cuyahoga",4.8,20
"07/12/2017, Cuyahoga",3.8,16
"07/13/2017, Cuyahoga",6.3,26
"07/14/2017, Cuyahoga",2.3,10
"07/15/2017, Cuyahoga",2.6,11
"07/16/2017, Cuyahoga",6.8,28
"07/17/2017, Cuyahoga",5.7,24
"07/18/2017, Cuyahoga",11.7,49
"07/19/2017, Cuyahoga",12.4,52
"07/20/2017, Cuyahoga",6.3,26
"07/21/2017, Cuyahoga",7.2,30
"07/22/2017, Cuyahoga",6.1,25
"07/23/2017, Cuyahoga",1.6,7
"07/24/2017, Cuyahoga",0.3,1
"07/25/2017, Cuyahoga",-2.7,0
"07/26/2017, Cuyahoga",6.8,28
"07/29/2017, Cuyahoga",-0.7,0
"07/30/2017, Cuyahoga",1.4,6
"07/31/2017, Cuyahoga",10.0,42
"08/01/2017, Cuyahoga",12.3,51
"08/02/2017, Cuyahoga",16.6,60
"08/03/2017, Cuyahoga",10.2,43
"08/04/2017, Cuyahoga",6.5,27
"08/05/2017, Cuyahoga",1.6,7
"08/06/2017, Cuyahoga",7.8,33
"08/07/2017, Cuyahoga",9.9,41
"08/08/2017, Cuyahoga",4.6,19
"08/10/2017, Cuyahoga",13.1,53
"08/11/2017, Cuyahoga",10.1,42
"08/12/2017, Cuyahoga",4.8,20
"08/13/2017, Cuyahoga",1.1,5
"08/14/2017, Cuyahoga",8.5,35
"08/16/2017, Cuyahoga",9.2,38
"08/17/2017, Cuyahoga",12.2,51
"08/18/2017, Cuyahoga",-0.2,0
"08/19/2017, Cuyahoga",4.9,20
"08/20/2017, Cuyahoga",14.0,55
"08/21/2017, Cuyahoga",11.0,46
"08/22/2017, Cuyahoga",7.6,32
"08/23/2017, Cuyahoga",3.8,16
"08/24/2017, Cuyahoga",4.2,18
"08/25/2017, Cuyahoga",7.1,30
"08/26/2017, Cuyahoga",12.5,52
"08/27/2017, Cuyahoga",10.7,45
"08/28/2017, Cuyahoga",11.2,47
"08/29/2017, Cuyahoga",10.2,43
"08/30/2017, Cuyahoga",11.6,48
"08/31/2017, Cuyahoga",8.3,35
"09/01/2017, Cuyahoga",1.8,8
"09/02/2017, Cuyahoga",1.5,6
"09/03/2017, Cuyahoga",9.3,39
"09/04/2017, Cuyahoga",9.3,39
"09/05/2017, Cuyahoga",6.0,25
"09/06/2017, Cuyahoga",4.9,20
"09/07/2017, Cuyahoga",2.9,12
"09/08/2017, Cuyahoga",2.1,9
"09/09/2017, Cuyahoga",4.1,17
"09/10/2017, Cuyahoga",5.9,25
"09/11/2017, Cuyahoga",9.5,40
"09/12/2017, Cuyahoga",4.9,20
"09/13/2017, Cuyahoga",6.6,28
"09/14/2017, Cuyahoga",3.6,15
"09/15/2017, Cuyahoga",10.8,45
"09/16/2017, Cuyahoga",20.8,69
"09/17/2017, Cuyahoga",16.7,61
"09/18/2017, Cuyahoga",15.1,57
"09/19/2017, Cuyahoga",18.3,64
"09/20/2017, Cuyahoga",13.0,53
"09/21/2017, Cuyahoga",17.3,62
"09/22/2017, Cuyahoga",11.7,49
"09/23/2017, Cuyahoga",13.0,53
"09/24/2017, Cuyahoga",19.5,67
"09/25/2017, Cuyahoga",17.8,63
"09/26/2017, Cuyahoga",16.1,59
"09/27/2017, Cuyahoga",16.1,59
"09/28/2017, Cuyahoga",0.9,4
"09/29/2017, Cuyahoga",5.8,24
"09/30/2017, Cuyahoga",0.6,3
"10/01/2017, Cuyahoga",6.5,27
"10/02/2017, Cuyahoga",10.6,44
"10/03/2017, Cuyahoga",11.0,46
"10/04/2017, Cuyahoga",9.5,40
"10/05/2017, Cuyahoga",5.7,24
"10/06/2017, Cuyahoga",14.7,56
"10/07/2017, Cuyahoga",11.1,46
"10/08/2017, Cuyahoga",2.0,8
"10/09/2017, Cuyahoga",8.1,34
"10/10/2017, Cuyahoga",22.4,73
"10/11/2017, Cuyahoga",7.5,31
"10/12/2017, Cuyahoga",6.1,25
"10/13/2017, Cuyahoga",8.5,35
"10/14/2017, Cuyahoga",20.0,68
"10/15/2017, Cuyahoga",3.9,16
"10/16/2017, Cuyahoga",2.7,11
"10/17/2017, Cuyahoga",6.9,29
"10/18/2017, Cuyahoga",10.0,42
"10/19/2017, Cuyahoga",8.7,36
"10/20/2017, Cuyahoga",14.3,56
"10/21/2017, Cuyahoga",13.7,54
"10/22/2017, Cuyahoga",13.3,54
"10/23/2017, Cuyahoga",8.1,34
"10/24/2017, Cuyahoga",2.4,10
"10/25/2017, Cuyahoga",1.3,5
"10/26/2017, Cuyahoga",5.4,23
"10/27/2017, Cuyahoga",6.2,26
"10/28/2017, Cuyahoga",1.7,7
"10/29/2017, Cuyahoga",2.0,8
"10/30/2017, Cuyahoga",3.2,13
"10/31/2017, Cuyahoga",1.7,7
"11/01/2017, Cuyahoga",9.6,40
"11/02/2017, Cuyahoga",8.4,35
"11/03/2017, Cuyahoga",2.8,12
"11/04/2017, Cuyahoga",3.9,16
"11/05/2017, Cuyahoga",4.8,20
"11/06/2017, Cuyahoga",1.3,5
"11/07/2017, Cuyahoga",2.2,9
"11/08/2017, Cuyahoga",8.3,35
"11/09/2017, Cuyahoga",20.1,68
"11/10/2017, Cuyahoga",0.9,4
"11/11/2017, Cuyahoga",6.3,26
"11/14/2017, Cuyahoga",16.6,60
"11/15/2017, Cuyahoga",17.1,62
"11/16/2017, Cuyahoga",2.8,12
"11/17/2017, Cuyahoga",3.8,16
"11/18/2017, Cuyahoga",7.3,30
"11/19/2017, Cuyahoga",0.6,3
"11/20/2017, Cuyahoga",5.4,23
"11/21/2017, Cuyahoga",4.6,19
"11/22/2017, Cuyahoga",1.7,7
"11/23/2017, Cuyahoga",6.1,25
"11/24/2017, Cuyahoga",9.9,41
"11/25/2017, Cuyahoga",3.1,13
"11/26/2017, Cuyahoga",1.3,5
"11/29/2017, Cuyahoga",3.0,13
"11/30/2017, Cuyahoga",11.0,46
"12/01/2017, Cuyahoga",10.6,44
"12/02/2017, Cuyahoga",23.6,75
"12/03/2017, Cuyahoga",34.3,98
"12/04/2017, Cuyahoga",18.4,64
"12/05/2017, Cuyahoga",5.3,22
"12/06/2017, Cuyahoga",1.3,5
"12/07/2017, Cuyahoga",4.7,20
"12/08/2017, Cuyahoga",3.5,15
"12/09/2017, Cuyahoga",9.1,38
"12/12/2017, Cuyahoga",3.5,15
"12/13/2017, Cuyahoga",3.5,15
"12/14/2017, Cuyahoga",4.7,20
"12/15/2017, Cuyahoga",13.3,54
"12/16/2017, Cuyahoga",8.8,37
"12/17/2017, Cuyahoga",25.1,78
"12/18/2017, Cuyahoga",10.9,45
"12/19/2017, Cuyahoga",10.8,45
"12/20/2017, Cuyahoga",2.8,12
"12/21/2017, Cuyahoga",3.3,14
"12/22/2017, Cuyahoga",14.4,56
"12/23/2017, Cuyahoga",7.6,32
"12/24/2017, Cuyahoga",12.4,52
"12/25/2017, Cuyahoga",4.7,20
"12/26/2017, Cuyahoga",6.6,28
"12/27/2017, Cuyahoga",12.1,51
"12/28/2017, Cuyahoga",11.9,50
"12/29/2017, Cuyahoga",15.8,59
"12/30/2017, Cuyahoga",10.3,43
"12/31/2017, Cuyahoga",4.4,18
"06/09/2017, Cuyahoga",14.4,56
"06/12/2017, Cuyahoga",14.2,55
"06/15/2017, Cuyahoga",10.0,42
"06/18/2017, Cuyahoga",8.5,35
"06/21/2017, Cuyahoga",6.6,28
"06/24/2017, Cuyahoga",5.4,23
"06/27/2017, Cuyahoga",4.2,18
"06/30/2017, Cuyahoga",7.0,29
"07/03/2017, Cuyahoga",7.3,30
"07/06/2017, Cuyahoga",17.8,63
"07/09/2017, Cuyahoga",9.1,38
"07/12/2017, Cuyahoga",10.8,45
"07/15/2017, Cuyahoga",6.4,27
"07/18/2017, Cuyahoga",15.2,58
"07/21/2017, Cuyahoga",14.3,56
"07/24/2017, Cuyahoga",5.7,24
"07/27/2017, Cuyahoga",13.6,54
"07/30/2017, Cuyahoga",6.3,26
"08/02/2017, Cuyahoga",19.7,67
"08/05/2017, Cuyahoga",5.6,23
"08/08/2017, Cuyahoga",8.3,35
"08/11/2017, Cuyahoga",16.2,60
"08/14/2017, Cuyahoga",11.9,50
"08/17/2017, Cuyahoga",13.0,53
"08/20/2017, Cuyahoga",14.2,55
"08/23/2017, Cuyahoga",7.1,30
"08/26/2017, Cuyahoga",11.2,47
"08/29/2017, Cuyahoga",12.0,50
"09/01/2017, Cuyahoga",2.6,11
"09/04/2017, Cuyahoga",12.0,50
"09/07/2017, Cuyahoga",3.3,14
"09/10/2017, Cuyahoga",6.2,26
"09/13/2017, Cuyahoga",8.9,37
"09/16/2017, Cuyahoga",14.1,55
"09/19/2017, Cuyahoga",18.7,65
"09/22/2017, Cuyahoga",14.5,56
"09/25/2017, Cuyahoga",17.1,62
"09/28/2017, Cuyahoga",3.5,15
"10/01/2017, Cuyahoga",8.0,33
"10/04/2017, Cuyahoga",10.7,45
"10/07/2017, Cuyahoga",10.2,43
"10/10/2017, Cuyahoga",18.2,64
"10/13/2017, Cuyahoga",9.1,38
"10/16/2017, Cuyahoga",3.9,16
"10/19/2017, Cuyahoga",8.7,36
"10/22/2017, Cuyahoga",14.7,56
"10/25/2017, Cuyahoga",3.4,14
"10/31/2017, Cuyahoga",5.7,24
"11/03/2017, Cuyahoga",4.1,17
"11/06/2017, Cuyahoga",4.1,17
"11/09/2017, Cuyahoga",17.8,63
"11/12/2017, Cuyahoga",16.9,61
"11/15/2017, Cuyahoga",17.0,61
"11/18/2017, Cuyahoga",9.3,39
"11/21/2017, Cuyahoga",6.3,26
"11/24/2017, Cuyahoga",11.0,46
"11/27/2017, Cuyahoga",14.6,56
"11/30/2017, Cuyahoga",12.8,52
"12/03/2017, Cuyahoga",33.6,96
"12/06/2017, Cuyahoga",4.0,17
"12/09/2017, Cuyahoga",13.7,54
"12/12/2017, Cuyahoga",5.5,23
"12/15/2017, Cuyahoga",16.5,60
"12/18/2017, Cuyahoga",13.7,54
"12/21/2017, Cuyahoga",6.1,25
"12/24/2017, Cuyahoga",13.4,54
"12/27/2017, Cuyahoga",13.2,53
"12/30/2017, Cuyahoga",12.4,52
"01/01/2017, Cuyahoga",10.5,44
"01/04/2017, Cuyahoga",8.2,34
"01/07/2017, Cuyahoga",15.9,59
"01/10/2017, Cuyahoga",9.6,40
"01/13/2017, Cuyahoga",7.7,32
"01/16/2017, Cuyahoga",27.4,83
"01/19/2017, Cuyahoga",8.2,34
"01/22/2017, Cuyahoga",11.6,48
"01/25/2017, Cuyahoga",9.7,40
"01/28/2017, Cuyahoga",10.8,45
"01/31/2017, Cuyahoga",9.1,38
"02/03/2017, Cuyahoga",8.8,37
"02/06/2017, Cuyahoga",22.8,74
"02/09/2017, Cuyahoga",6.7,28
"02/12/2017, Cuyahoga",16.9,61
"02/15/2017, Cuyahoga",4.3,18
"02/18/2017, Cuyahoga",9.0,38
"02/21/2017, Cuyahoga",18.6,65
"02/24/2017, Cuyahoga",11.8,49
"02/27/2017, Cuyahoga",9.2,38
"03/02/2017, Cuyahoga",4.3,18
"03/05/2017, Cuyahoga",8.0,33
"03/08/2017, Cuyahoga",3.8,16
"03/11/2017, Cuyahoga",5.0,21
"03/17/2017, Cuyahoga",17.6,63
"03/20/2017, Cuyahoga",16.3,60
"03/23/2017, Cuyahoga",12.7,52
"03/26/2017, Cuyahoga",16.7,61
"03/29/2017, Cuyahoga",7.7,32
"04/01/2017, Cuyahoga",9.2,38
"04/04/2017, Cuyahoga",4.4,18
"04/07/2017, Cuyahoga",6.3,26
"04/10/2017, Cuyahoga",13.3,54
"04/13/2017, Cuyahoga",6.9,29
"04/16/2017, Cuyahoga",8.7,36
"04/19/2017, Cuyahoga",12.3,51
"04/22/2017, Cuyahoga",3.8,16
"04/27/2017, Cuyahoga",10.1,42
"04/28/2017, Cuyahoga",9.0,38
"05/01/2017, Cuyahoga",8.7,36
"05/04/2017, Cuyahoga",8.5,35
"05/07/2017, Cuyahoga",4.0,17
"05/10/2017, Cuyahoga",5.5,23
"05/13/2017, Cuyahoga",9.6,40
"05/16/2017, Cuyahoga",15.4,58
"05/19/2017, Cuyahoga",6.3,26
"05/22/2017, Cuyahoga",7.4,31
"05/25/2017, Cuyahoga",3.7,15
"05/28/2017, Cuyahoga",9.7,40
"05/31/2017, Cuyahoga",6.1,25
"06/03/2017, Cuyahoga",12.7,52
"06/06/2017, Cuyahoga",6.6,28
"06/09/2017, Cuyahoga",14.3,56
"06/12/2017, Cuyahoga",18.7,65
"06/15/2017, Cuyahoga",9.9,41
"06/18/2017, Cuyahoga",12.0,50
"06/21/2017, Cuyahoga",8.2,34
"06/24/2017, Cuyahoga",5.0,21
"06/27/2017, Cuyahoga",4.4,18
"06/30/2017, Cuyahoga",9.9,41
"07/03/2017, Cuyahoga",7.7,32
"07/06/2017, Cuyahoga",19.6,67
"07/09/2017, Cuyahoga",11.5,48
"07/15/2017, Cuyahoga",7.4,31
"07/18/2017, Cuyahoga",17.7,63
"07/21/2017, Cuyahoga",10.7,45
"07/24/2017, Cuyahoga",7.1,30
"07/27/2017, Cuyahoga",13.3,54
"07/30/2017, Cuyahoga",10.2,43
"08/02/2017, Cuyahoga",17.1,62
"08/05/2017, Cuyahoga",6.3,26
"08/08/2017, Cuyahoga",11.2,47
"08/11/2017, Cuyahoga",18.2,64
"08/14/2017, Cuyahoga",14.5,56
"08/17/2017, Cuyahoga",19.1,66
"08/20/2017, Cuyahoga",22.0,72
"08/23/2017, Cuyahoga",9.1,38
"08/26/2017, Cuyahoga",9.4,39
"08/29/2017, Cuyahoga",14.5,56
"09/01/2017, Cuyahoga",3.6,15
"09/04/2017, Cuyahoga",14.1,55
"09/07/2017, Cuyahoga",4.1,17
"09/10/2017, Cuyahoga",6.0,25
"09/13/2017, Cuyahoga",13.9,55
"09/16/2017, Cuyahoga",17.2,62
"09/19/2017, Cuyahoga",16.2,60
"09/22/2017, Cuyahoga",16.8,61
"09/25/2017, Cuyahoga",26.5,81
"09/28/2017, Cuyahoga",4.7,20
"10/01/2017, Cuyahoga",14.6,56
"10/04/2017, Cuyahoga",12.2,51
"10/07/2017, Cuyahoga",14.6,56
"10/10/2017, Cuyahoga",14.4,56
"10/13/2017, Cuyahoga",10.5,44
"10/16/2017, Cuyahoga",5.0,21
"10/19/2017, Cuyahoga",10.2,43
"10/22/2017, Cuyahoga",22.5,73
"10/25/2017, Cuyahoga",3.5,15
"10/28/2017, Cuyahoga",3.2,13
"10/31/2017, Cuyahoga",4.3,18
"11/03/2017, Cuyahoga",4.5,19
"11/06/2017, Cuyahoga",3.6,15
"11/09/2017, Cuyahoga",20.4,68
"11/12/2017, Cuyahoga",18.6,65
"11/15/2017, Cuyahoga",21.6,71
"11/18/2017, Cuyahoga",11.3,47
"11/21/2017, Cuyahoga",6.3,26
"11/24/2017, Cuyahoga",7.3,30
"11/27/2017, Cuyahoga",12.6,52
"11/30/2017, Cuyahoga",13.9,55
"12/03/2017, Cuyahoga",34.7,99
"12/06/2017, Cuyahoga",5.7,24
"12/09/2017, Cuyahoga",14.6,56
"12/12/2017, Cuyahoga",7.1,30
"12/15/2017, Cuyahoga",14.3,56
"12/18/2017, Cuyahoga",13.1,53
"12/21/2017, Cuyahoga",6.3,26
"12/24/2017, Cuyahoga",15.0,57
"12/27/2017, Cuyahoga",12.8,52
"12/30/2017, Cuyahoga",13.1,53
"06/08/2017, Cuyahoga",10.1,42
"06/12/2017, Cuyahoga",19.6,67
"06/18/2017, Cuyahoga",12.3,51
"06/24/2017, Cuyahoga",7.0,29
"06/30/2017, Cuyahoga",8.5,35
"07/06/2017, Cuyahoga",18.8,65
"07/12/2017, Cuyahoga",15.3,58
"07/18/2017, Cuyahoga",18.6,65
"07/24/2017, Cuyahoga",7.9,33
"07/30/2017, Cuyahoga",10.8,45
"08/05/2017, Cuyahoga",6.5,27
"08/11/2017, Cuyahoga",17.7,63
"08/17/2017, Cuyahoga",20.9,70
"08/23/2017, Cuyahoga",9.5,40
"08/29/2017, Cuyahoga",17.4,62
"09/04/2017, Cuyahoga",14.4,56
"09/10/2017, Cuyahoga",9.9,41
"09/16/2017, Cuyahoga",19.3,66
"09/22/2017, Cuyahoga",20.4,68
"09/28/2017, Cuyahoga",6.5,27
"10/04/2017, Cuyahoga",12.5,52
"10/10/2017, Cuyahoga",16.0,59
"10/16/2017, Cuyahoga",6.9,29
"10/22/2017, Cuyahoga",27.2,83
"10/28/2017, Cuyahoga",4.8,20
"11/03/2017, Cuyahoga",4.2,18
"11/09/2017, Cuyahoga",21.6,71
"11/15/2017, Cuyahoga",22.9,74
"11/21/2017, Cuyahoga",7.6,32
"11/27/2017, Cuyahoga",11.0,46
"12/03/2017, Cuyahoga",34.8,99
"12/09/2017, Cuyahoga",15.0,57
"12/15/2017, Cuyahoga",13.8,55
"12/21/2017, Cuyahoga",6.9,29
"12/27/2017, Cuyahoga",12.1,51
"04/01/2017, Cuyahoga",4.8,20
"04/04/2017, Cuyahoga",4.4,18
"04/07/2017, Cuyahoga",2.0,8
"04/10/2017, Cuyahoga",10.0,42
"04/13/2017, Cuyahoga",3.5,15
"04/16/2017, Cuyahoga",7.6,32
"04/19/2017, Cuyahoga",7.9,33
"04/22/2017, Cuyahoga",3.4,14
"04/25/2017, Cuyahoga",3.5,15
"04/28/2017, Cuyahoga",4.3,18
"05/01/2017, Cuyahoga",6.3,26
"05/04/2017, Cuyahoga",4.9,20
"05/07/2017, Cuyahoga",2.2,9
"05/10/2017, Cuyahoga",3.5,15
"05/13/2017, Cuyahoga",6.5,27
"05/16/2017, Cuyahoga",8.5,35
"05/19/2017, Cuyahoga",4.6,19
"05/22/2017, Cuyahoga",4.8,20
"05/25/2017, Cuyahoga",2.7,11
"05/28/2017, Cuyahoga",8.2,34
"05/31/2017, Cuyahoga",4.8,20
"06/03/2017, Cuyahoga",7.6,32
"06/06/2017, Cuyahoga",3.0,13
"06/09/2017, Cuyahoga",7.0,29
"06/12/2017, Cuyahoga",13.5,54
"06/15/2017, Cuyahoga",6.7,28
"06/18/2017, Cuyahoga",7.8,33
"06/21/2017, Cuyahoga",6.4,27
"06/24/2017, Cuyahoga",5.3,22
"06/27/2017, Cuyahoga",4.2,18
"06/30/2017, Cuyahoga",5.3,22
"07/03/2017, Cuyahoga",7.2,30
"07/06/2017, Cuyahoga",13.8,55
"07/09/2017, Cuyahoga",6.6,28
"07/12/2017, Cuyahoga",9.8,41
"07/15/2017, Cuyahoga",5.0,21
"07/18/2017, Cuyahoga",9.1,38
"07/21/2017, Cuyahoga",9.4,39
"07/24/2017, Cuyahoga",5.4,23
"07/27/2017, Cuyahoga",11.0,46
"07/30/2017, Cuyahoga",5.6,23
"08/02/2017, Cuyahoga",13.8,55
"08/05/2017, Cuyahoga",4.5,19
"08/08/2017, Cuyahoga",6.9,29
"08/11/2017, Cuyahoga",13.6,54
"08/14/2017, Cuyahoga",8.1,34
"08/17/2017, Cuyahoga",10.2,43
"08/20/2017, Cuyahoga",9.4,39
"08/23/2017, Cuyahoga",6.5,27
"08/26/2017, Cuyahoga",6.8,28
"08/29/2017, Cuyahoga",10.1,42
"09/01/2017, Cuyahoga",2.1,9
"09/04/2017, Cuyahoga",14.1,55
"09/07/2017, Cuyahoga",3.4,14
"09/10/2017, Cuyahoga",2.8,12
"09/13/2017, Cuyahoga",5.1,21
"09/16/2017, Cuyahoga",9.1,38
"09/19/2017, Cuyahoga",13.3,54
"09/22/2017, Cuyahoga",7.5,31
"09/25/2017, Cuyahoga",10.2,43
"09/28/2017, Cuyahoga",2.7,11
"10/01/2017, Cuyahoga",2.8,12
"10/04/2017, Cuyahoga",7.6,32
"10/07/2017, Cuyahoga",8.1,34
"10/10/2017, Cuyahoga",14.1,55
"10/13/2017, Cuyahoga",5.6,23
"10/16/2017, Cuyahoga",2.6,11
"10/19/2017, Cuyahoga",7.7,32
"10/22/2017, Cuyahoga",11.0,46
"10/25/2017, Cuyahoga",3.3,14
"10/31/2017, Cuyahoga",3.8,16
"11/03/2017, Cuyahoga",3.8,16
"11/06/2017, Cuyahoga",2.6,11
"11/09/2017, Cuyahoga",7.7,32
"11/12/2017, Cuyahoga",11.2,47
"11/15/2017, Cuyahoga",10.6,44
"11/18/2017, Cuyahoga",5.1,21
"11/21/2017, Cuyahoga",5.1,21
"11/24/2017, Cuyahoga",7.9,33
"11/27/2017, Cuyahoga",10.7,45
"11/30/2017, Cuyahoga",10.4,43
"12/03/2017, Cuyahoga",22.6,73
"12/06/2017, Cuyahoga",3.5,15
"12/09/2017, Cuyahoga",9.9,41
"12/12/2017, Cuyahoga",4.5,19
"12/15/2017, Cuyahoga",10.9,45
"12/18/2017, Cuyahoga",12.9,53
"12/21/2017, Cuyahoga",4.5,19
"12/24/2017, Cuyahoga",13.6,54
"12/27/2017, Cuyahoga",12.0,50
"12/30/2017, Cuyahoga",12.7,52
"08/11/2017, Cuyahoga",25.1,78
"08/17/2017, Cuyahoga",13.1,53
"08/23/2017, Cuyahoga",9.3,39
"08/29/2017, Cuyahoga",17.3,62
"09/04/2017, Cuyahoga",15.1,57
"09/10/2017, Cuyahoga",7.8,33
"09/16/2017, Cuyahoga",12.7,52
"09/22/2017, Cuyahoga",14.5,56
"09/28/2017, Cuyahoga",6.0,25
"10/04/2017, Cuyahoga",7.5,31
"10/10/2017, Cuyahoga",14.4,56
"10/16/2017, Cuyahoga",5.4,23
"10/22/2017, Cuyahoga",15.0,57
"10/28/2017, Cuyahoga",3.0,13
"11/03/2017, Cuyahoga",4.2,18
"11/09/2017, Cuyahoga",9.9,41
"11/15/2017, Cuyahoga",12.5,52
"11/21/2017, Cuyahoga",6.6,28
"11/27/2017, Cuyahoga",12.2,51
"12/03/2017, Cuyahoga",29.3,87
"12/09/2017, Cuyahoga",13.0,53
"12/15/2017, Cuyahoga",11.4,48
"12/21/2017, Cuyahoga",8.6,36
"12/27/2017, Cuyahoga",12.2,51
"01/01/2017, Cuyahoga",12.0,50
"01/04/2017, Cuyahoga",5.4,23
"01/07/2017, Cuyahoga",14.8,57
"01/10/2017, Cuyahoga",5.1,21
"01/13/2017, Cuyahoga",6.5,27
"01/16/2017, Cuyahoga",24.1,76
"01/19/2017, Cuyahoga",8.0,33
"01/22/2017, Cuyahoga",7.1,30
"01/25/2017, Cuyahoga",6.3,26
"01/28/2017, Cuyahoga",13.7,54
"02/03/2017, Cuyahoga",8.5,35
"02/06/2017, Cuyahoga",18.1,64
"02/09/2017, Cuyahoga",3.6,15
"02/12/2017, Cuyahoga",14.1,55
"02/15/2017, Cuyahoga",3.7,15
"02/18/2017, Cuyahoga",10.0,42
"02/21/2017, Cuyahoga",11.9,50
"02/24/2017, Cuyahoga",7.1,30
"02/27/2017, Cuyahoga",5.3,22
"03/02/2017, Cuyahoga",2.2,9
"03/05/2017, Cuyahoga",3.8,16
"03/08/2017, Cuyahoga",2.0,8
"03/14/2017, Cuyahoga",6.3,26
"03/17/2017, Cuyahoga",11.8,49
"03/20/2017, Cuyahoga",14.6,56
"03/23/2017, Cuyahoga",5.0,21
"03/26/2017, Cuyahoga",9.2,38
"03/29/2017, Cuyahoga",5.1,21
"04/01/2017, Cuyahoga",5.1,21
"04/04/2017, Cuyahoga",2.9,12
"04/07/2017, Cuyahoga",2.1,9
"04/10/2017, Cuyahoga",7.9,33
"04/13/2017, Cuyahoga",5.6,23
"04/19/2017, Cuyahoga",6.4,27
"04/20/2017, Cuyahoga",8.0,33
"04/22/2017, Cuyahoga",4.2,18
"04/25/2017, Cuyahoga",3.4,14
"04/28/2017, Cuyahoga",4.6,19
"05/01/2017, Cuyahoga",5.5,23
"05/04/2017, Cuyahoga",6.4,27
"05/07/2017, Cuyahoga",3.1,13
"05/10/2017, Cuyahoga",5.6,23
"05/13/2017, Cuyahoga",7.6,32
"05/16/2017, Cuyahoga",8.0,33
"05/19/2017, Cuyahoga",4.6,19
"05/22/2017, Cuyahoga",3.5,15
"05/25/2017, Cuyahoga",2.5,10
"05/28/2017, Cuyahoga",8.3,35
"05/31/2017, Cuyahoga",4.0,17
"06/03/2017, Cuyahoga",9.4,39
"06/06/2017, Cuyahoga",2.4,10
"06/09/2017, Cuyahoga",6.7,28
"06/12/2017, Cuyahoga",12.3,51
"06/15/2017, Cuyahoga",6.3,26
"06/18/2017, Cuyahoga",8.2,34
"06/21/2017, Cuyahoga",4.9,20
"06/24/2017, Cuyahoga",5.3,22
"06/27/2017, Cuyahoga",2.8,12
"06/30/2017, Cuyahoga",5.3,22
"07/03/2017, Cuyahoga",7.3,30
"07/06/2017, Cuyahoga",13.0,53
"07/09/2017, Cuyahoga",8.2,34
"07/12/2017, Cuyahoga",10.2,43
"07/15/2017, Cuyahoga",6.5,27
"07/18/2017, Cuyahoga",10.5,44
"07/21/2017, Cuyahoga",9.3,39
"07/24/2017, Cuyahoga",4.3,18
"07/27/2017, Cuyahoga",10.1,42
"07/30/2017, Cuyahoga",9.1,38
"08/02/2017, Cuyahoga",13.4,54
"08/05/2017, Cuyahoga",5.5,23
"08/08/2017, Cuyahoga",7.6,32
"08/11/2017, Cuyahoga",12.0,50
"08/14/2017, Cuyahoga",8.5,35
"08/17/2017, Cuyahoga",10.0,42
"08/20/2017, Cuyahoga",11.6,48
"08/23/2017, Cuyahoga",5.6,23
"08/26/2017, Cuyahoga",8.3,35
"08/29/2017, Cuyahoga",10.3,43
"09/01/2017, Cuyahoga",2.9,12
"09/04/2017, Cuyahoga",13.2,53
"09/07/2017, Cuyahoga",3.2,13
"09/10/2017, Cuyahoga",4.4,18
"09/13/2017, Cuyahoga",5.0,21
"09/16/2017, Cuyahoga",15.5,58
"09/19/2017, Cuyahoga",14.3,56
"09/22/2017, Cuyahoga",19.3,66
"09/25/2017, Cuyahoga",20.6,69
"09/28/2017, Cuyahoga",19.2,66
"10/01/2017, Cuyahoga",6.7,28
"10/04/2017, Cuyahoga",6.7,28
"10/07/2017, Cuyahoga",7.6,32
"10/10/2017, Cuyahoga",9.9,41
"10/13/2017, Cuyahoga",8.4,35
"10/16/2017, Cuyahoga",3.2,13
"10/19/2017, Cuyahoga",8.2,34
"10/22/2017, Cuyahoga",10.5,44
"10/25/2017, Cuyahoga",3.0,13
"10/28/2017, Cuyahoga",3.0,13
"10/31/2017, Cuyahoga",3.7,15
"11/03/2017, Cuyahoga",4.0,17
"11/06/2017, Cuyahoga",2.5,10
"11/09/2017, Cuyahoga",9.0,38
"11/12/2017, Cuyahoga",12.9,53
"11/15/2017, Cuyahoga",11.2,47
"11/21/2017, Cuyahoga",4.4,18
"11/24/2017, Cuyahoga",6.6,28
"11/27/2017, Cuyahoga",10.5,44
"11/30/2017, Cuyahoga",11.0,46
"12/03/2017, Cuyahoga",22.4,73
"12/06/2017, Cuyahoga",3.1,13
"12/09/2017, Cuyahoga",9.8,41
"12/12/2017, Cuyahoga",4.1,17
"12/15/2017, Cuyahoga",8.8,37
"12/18/2017, Cuyahoga",11.9,50
"12/21/2017, Cuyahoga",4.9,20
"12/24/2017, Cuyahoga",15.1,57
"12/27/2017, Cuyahoga",10.4,43
"12/30/2017, Cuyahoga",10.3,43
"01/01/2017, Lake",11.5,48
"01/04/2017, Lake",4.7,20
"01/07/2017, Lake",12.4,52
"01/10/2017, Lake",5.1,21
"01/13/2017, Lake",5.6,23
"01/16/2017, Lake",23.1,74
"01/19/2017, Lake",8.0,33
"01/22/2017, Lake",5.6,23
"01/25/2017, Lake",6.2,26
"01/28/2017, Lake",11.1,46
"01/31/2017, Lake",8.5,35
"02/03/2017, Lake",5.3,22
"02/06/2017, Lake",15.1,57
"02/09/2017, Lake",3.0,13
"02/12/2017, Lake",15.6,58
"02/15/2017, Lake",2.7,11
"02/18/2017, Lake",8.2,34
"02/21/2017, Lake",10.5,44
"02/24/2017, Lake",7.2,30
"02/27/2017, Lake",5.5,23
"03/02/2017, Lake",3.0,13
"03/05/2017, Lake",4.1,17
"03/08/2017, Lake",2.2,9
"03/11/2017, Lake",3.2,13
"03/14/2017, Lake",3.9,16
"03/17/2017, Lake",10.9,45
"03/20/2017, Lake",13.9,55
"03/23/2017, Lake",5.9,25
"03/26/2017, Lake",9.2,38
"03/29/2017, Lake",4.0,17
"04/01/2017, Lake",5.0,21
"04/04/2017, Lake",4.7,20
"04/07/2017, Lake",1.4,6
"04/10/2017, Lake",8.0,33
"04/13/2017, Lake",4.4,18
"04/16/2017, Lake",6.9,29
"04/22/2017, Lake",4.4,18
"04/25/2017, Lake",2.5,10
"04/28/2017, Lake",4.2,18
"05/01/2017, Lake",5.6,23
"05/04/2017, Lake",5.2,22
"05/07/2017, Lake",2.5,10
"05/10/2017, Lake",3.8,16
"05/13/2017, Lake",9.1,38
"05/16/2017, Lake",11.0,46
"05/19/2017, Lake",4.5,19
"05/22/2017, Lake",3.8,16
"05/25/2017, Lake",2.1,9
"06/03/2017, Lake",6.8,28
"06/06/2017, Lake",2.0,8
"06/09/2017, Lake",6.1,25
"06/12/2017, Lake",12.6,52
"06/15/2017, Lake",7.2,30
"06/18/2017, Lake",8.4,35
"06/21/2017, Lake",4.2,18
"06/24/2017, Lake",4.8,20
"06/27/2017, Lake",3.3,14
"06/30/2017, Lake",4.9,20
"07/03/2017, Lake",8.7,36
"07/06/2017, Lake",11.7,49
"07/09/2017, Lake",6.2,26
"07/12/2017, Lake",9.7,40
"07/15/2017, Lake",6.9,29
"07/18/2017, Lake",8.1,34
"07/21/2017, Lake",8.7,36
"07/24/2017, Lake",4.5,19
"07/27/2017, Lake",10.2,43
"07/30/2017, Lake",7.3,30
"08/02/2017, Lake",11.8,49
"08/05/2017, Lake",4.3,18
"08/11/2017, Lake",13.1,53
"08/14/2017, Lake",7.1,30
"08/17/2017, Lake",8.8,37
"08/20/2017, Lake",9.5,40
"08/23/2017, Lake",7.2,30
"08/26/2017, Lake",8.8,37
"08/29/2017, Lake",9.6,40
"09/01/2017, Lake",2.6,11
"09/07/2017, Lake",2.9,12
"09/10/2017, Lake",3.0,13
"09/13/2017, Lake",6.5,27
"09/16/2017, Lake",11.5,48
"09/19/2017, Lake",15.0,57
"09/22/2017, Lake",10.0,42
"09/25/2017, Lake",12.6,52
"09/28/2017, Lake",2.4,10
"10/01/2017, Lake",4.6,19
"10/04/2017, Lake",7.2,30
"10/07/2017, Lake",7.7,32
"10/10/2017, Lake",11.4,48
"10/13/2017, Lake",5.0,21
"10/16/2017, Lake",2.2,9
"10/19/2017, Lake",8.2,34
"10/22/2017, Lake",10.5,44
"10/25/2017, Lake",2.3,10
"10/28/2017, Lake",3.1,13
"10/31/2017, Lake",3.3,14
"11/03/2017, Lake",2.6,11
"11/06/2017, Lake",1.8,8
"11/09/2017, Lake",7.4,31
"11/12/2017, Lake",12.5,52
"11/15/2017, Lake",10.8,45
"11/18/2017, Lake",4.8,20
"11/21/2017, Lake",4.7,20
"11/24/2017, Lake",6.2,26
"11/27/2017, Lake",10.8,45
"11/30/2017, Lake",9.1,38
"12/03/2017, Lake",22.5,73
"12/06/2017, Lake",3.2,13
"12/09/2017, Lake",8.4,35
"12/12/2017, Lake",4.6,19
"12/15/2017, Lake",7.5,31
"12/18/2017, Lake",12.1,51
"12/21/2017, Lake",4.9,20
"12/24/2017, Lake",8.4,35
"12/27/2017, Lake",4.7,20
"12/30/2017, Lake",11.2,47
"01/01/2017, Lake",11.2,47
"01/07/2017, Lake",12.4,52
"01/13/2017, Lake",5.6,23
"01/19/2017, Lake",7.9,33
"01/25/2017, Lake",6.5,27
"02/06/2017, Lake",14.1,55
"02/12/2017, Lake",16.3,60
"02/18/2017, Lake",7.9,33
"02/24/2017, Lake",5.5,23
"03/02/2017, Lake",2.5,10
"03/08/2017, Lake",2.0,8
"03/14/2017, Lake",2.7,11
"03/20/2017, Lake",14.0,55
"03/26/2017, Lake",9.2,38
"04/01/2017, Lake",5.0,21
"04/07/2017, Lake",1.3,5
"04/13/2017, Lake",4.2,18
"04/25/2017, Lake",2.6,11
"05/01/2017, Lake",5.5,23
"05/07/2017, Lake",2.5,10
"05/13/2017, Lake",8.7,36
"05/19/2017, Lake",4.7,20
"05/25/2017, Lake",2.3,10
"06/06/2017, Lake",1.9,8
"06/12/2017, Lake",12.3,51
"06/18/2017, Lake",8.0,33
"06/24/2017, Lake",4.7,20
"06/30/2017, Lake",4.7,20
"07/06/2017, Lake",11.5,48
"07/12/2017, Lake",9.5,40
"07/18/2017, Lake",8.3,35
"07/24/2017, Lake",5.5,23
"07/30/2017, Lake",7.0,29
"08/05/2017, Lake",4.3,18
"08/11/2017, Lake",12.9,53
"08/17/2017, Lake",9.0,38
"08/23/2017, Lake",7.2,30
"08/29/2017, Lake",9.7,40
"09/04/2017, Lake",11.4,48
"09/10/2017, Lake",3.0,13
"09/16/2017, Lake",10.8,45
"09/22/2017, Lake",10.0,42
"09/28/2017, Lake",2.4,10
"10/04/2017, Lake",7.3,30
"10/10/2017, Lake",9.4,39
"10/16/2017, Lake",2.2,9
"10/22/2017, Lake",10.6,44
"10/28/2017, Lake",3.1,13
"11/03/2017, Lake",2.7,11
"11/09/2017, Lake",7.6,32
"11/15/2017, Lake",11.2,47
"11/21/2017, Lake",4.8,20
"11/27/2017, Lake",9.1,38
"12/03/2017, Lake",22.6,73
"12/09/2017, Lake",8.5,35
"12/15/2017, Lake",7.7,32
"12/21/2017, Lake",5.2,22
"12/27/2017, Lake",5.4,23
"01/01/2017, Lake",8.8,37
"01/02/2017, Lake",7.8,33
"01/03/2017, Lake",2.8,12
"01/04/2017, Lake",4.4,18
"01/05/2017, Lake",4.6,19
"01/06/2017, Lake",8.2,34
"01/07/2017, Lake",7.1,30
"01/08/2017, Lake",4.3,18
"01/09/2017, Lake",6.2,26
"01/10/2017, Lake",5.6,23
"01/11/2017, Lake",6.5,27
"01/12/2017, Lake",6.2,26
"01/13/2017, Lake",5.0,21
"01/14/2017, Lake",6.6,28
"01/15/2017, Lake",10.9,45
"01/16/2017, Lake",13.5,54
"01/17/2017, Lake",6.2,26
"01/18/2017, Lake",4.1,17
"01/19/2017, Lake",3.6,15
"01/20/2017, Lake",7.6,32
"01/21/2017, Lake",6.4,27
"01/22/2017, Lake",5.4,23
"01/23/2017, Lake",5.7,24
"01/24/2017, Lake",4.9,20
"01/25/2017, Lake",5.1,21
"01/26/2017, Lake",3.6,15
"01/27/2017, Lake",3.5,15
"01/28/2017, Lake",7.0,29
"01/29/2017, Lake",4.0,17
"01/30/2017, Lake",3.4,14
"01/31/2017, Lake",6.1,25
"02/01/2017, Lake",4.8,20
"02/02/2017, Lake",4.0,17
"02/03/2017, Lake",5.1,21
"02/04/2017, Lake",3.8,16
"02/05/2017, Lake",8.6,36
"02/06/2017, Lake",9.5,40
"02/07/2017, Lake",5.7,24
"02/08/2017, Lake",3.3,14
"02/09/2017, Lake",3.9,16
"02/10/2017, Lake",3.9,16
"02/11/2017, Lake",10.0,42
"02/12/2017, Lake",7.2,30
"02/13/2017, Lake",4.0,17
"02/14/2017, Lake",4.4,18
"02/15/2017, Lake",3.2,13
"02/16/2017, Lake",4.6,19
"02/17/2017, Lake",7.7,32
"02/18/2017, Lake",8.8,37
"02/19/2017, Lake",13.4,54
"02/20/2017, Lake",6.0,25
"02/21/2017, Lake",10.0,42
"02/22/2017, Lake",11.9,50
"02/23/2017, Lake",9.8,41
"02/24/2017, Lake",7.9,33
"02/25/2017, Lake",5.0,21
"02/26/2017, Lake",6.0,25
"02/27/2017, Lake",7.3,30
"02/28/2017, Lake",6.8,28
"03/01/2017, Lake",5.1,21
"03/02/2017, Lake",5.4,23
"03/03/2017, Lake",5.4,23
"03/04/2017, Lake",4.7,20
"03/05/2017, Lake",5.6,23
"03/06/2017, Lake",10.8,45
"03/07/2017, Lake",8.3,35
"03/08/2017, Lake",5.0,21
"03/09/2017, Lake",4.7,20
"03/10/2017, Lake",4.6,19
"03/11/2017, Lake",5.0,21
"03/12/2017, Lake",4.8,20
"03/13/2017, Lake",4.7,20
"03/14/2017, Lake",4.4,18
"03/15/2017, Lake",5.7,24
"03/16/2017, Lake",6.3,26
"03/17/2017, Lake",9.3,39
"03/18/2017, Lake",8.8,37
"03/19/2017, Lake",11.7,49
"03/20/2017, Lake",10.1,42
"03/21/2017, Lake",9.2,38
"03/22/2017, Lake",5.5,23
"03/23/2017, Lake",6.5,27
"03/24/2017, Lake",14.3,56
"03/25/2017, Lake",8.7,36
"03/26/2017, Lake",9.7,40
"03/27/2017, Lake",5.5,23
"03/28/2017, Lake",5.0,21
"03/29/2017, Lake",5.6,23
"03/30/2017, Lake",5.3,22
"03/31/2017, Lake",5.3,22
"04/01/2017, Lake",5.3,22
"04/02/2017, Lake",6.9,29
"04/03/2017, Lake",7.7,32
"04/04/2017, Lake",6.6,28
"04/05/2017, Lake",3.6,15
"04/06/2017, Lake",4.5,19
"04/07/2017, Lake",3.6,15
"04/08/2017, Lake",5.2,22
"04/09/2017, Lake",5.7,24
"04/10/2017, Lake",10.6,44
"04/11/2017, Lake",7.6,32
"04/12/2017, Lake",5.3,22
"04/13/2017, Lake",5.5,23
"04/14/2017, Lake",6.7,28
"04/15/2017, Lake",12.8,52
"04/16/2017, Lake",8.6,36
"04/17/2017, Lake",4.9,20
"04/18/2017, Lake",5.4,23
"04/19/2017, Lake",9.4,39
"04/20/2017, Lake",6.9,29
"04/21/2017, Lake",3.2,13
"04/22/2017, Lake",5.2,22
"04/23/2017, Lake",7.1,30
"04/24/2017, Lake",5.9,25
"04/25/2017, Lake",4.3,18
"04/26/2017, Lake",5.0,21
"04/27/2017, Lake",7.0,29
"04/28/2017, Lake",5.7,24
"04/29/2017, Lake",5.1,21
"04/30/2017, Lake",6.5,27
"05/01/2017, Lake",6.0,25
"05/02/2017, Lake",3.6,15
"05/03/2017, Lake",5.0,21
"05/04/2017, Lake",5.2,22
"05/05/2017, Lake",2.7,11
"05/06/2017, Lake",3.9,16
"05/07/2017, Lake",4.2,18
"05/08/2017, Lake",4.6,19
"05/09/2017, Lake",6.0,25
"05/10/2017, Lake",5.5,23
"05/11/2017, Lake",5.1,21
"05/12/2017, Lake",7.6,32
"05/13/2017, Lake",9.1,38
"05/14/2017, Lake",6.9,29
"05/15/2017, Lake",5.1,21
"05/16/2017, Lake",10.0,42
"05/17/2017, Lake",11.7,49
"05/18/2017, Lake",10.8,45
"05/19/2017, Lake",4.5,19
"05/20/2017, Lake",5.9,25
"05/21/2017, Lake",7.3,30
"05/22/2017, Lake",4.0,17
"05/23/2017, Lake",6.0,25
"05/24/2017, Lake",7.6,32
"05/25/2017, Lake",3.3,14
"05/26/2017, Lake",5.2,22
"05/27/2017, Lake",7.7,32
"05/28/2017, Lake",10.2,43
"05/29/2017, Lake",6.8,28
"05/30/2017, Lake",5.8,24
"05/31/2017, Lake",5.5,23
"06/01/2017, Lake",5.6,23
"06/02/2017, Lake",7.9,33
"06/03/2017, Lake",8.0,33
"06/04/2017, Lake",12.5,52
"06/05/2017, Lake",5.0,21
"06/06/2017, Lake",3.4,14
"06/07/2017, Lake",3.7,15
"06/08/2017, Lake",5.6,23
"06/09/2017, Lake",7.8,33
"06/10/2017, Lake",11.6,48
"06/11/2017, Lake",11.6,48
"06/12/2017, Lake",14.3,56
"06/13/2017, Lake",12.3,51
"06/14/2017, Lake",7.8,33
"06/15/2017, Lake",6.2,26
"06/16/2017, Lake",8.0,33
"06/17/2017, Lake",10.4,43
"06/18/2017, Lake",7.9,33
"06/19/2017, Lake",4.7,20
"06/20/2017, Lake",4.7,20
"06/21/2017, Lake",4.9,20
"06/22/2017, Lake",10.1,42
"06/23/2017, Lake",3.6,15
"06/24/2017, Lake",4.7,20
"06/25/2017, Lake",4.6,19
"06/26/2017, Lake",4.5,19
"06/27/2017, Lake",3.6,15
"06/28/2017, Lake",6.5,27
"06/29/2017, Lake",10.1,42
"06/30/2017, Lake",5.2,22
"07/01/2017, Lake",5.2,22
"07/02/2017, Lake",8.0,33
"07/03/2017, Lake",8.2,34
"07/04/2017, Lake",9.6,40
"07/05/2017, Lake",10.2,43
"07/06/2017, Lake",10.4,43
"07/07/2017, Lake",7.4,31
"07/08/2017, Lake",7.5,31
"07/09/2017, Lake",5.9,25
"07/10/2017, Lake",6.4,27
"07/11/2017, Lake",9.0,38
"07/12/2017, Lake",9.8,41
"07/13/2017, Lake",18.5,64
"07/14/2017, Lake",9.9,41
"07/15/2017, Lake",6.8,28
"07/16/2017, Lake",8.6,36
"07/17/2017, Lake",7.9,33
"07/18/2017, Lake",9.3,39
"07/19/2017, Lake",16.3,60
"07/20/2017, Lake",12.8,52
"07/21/2017, Lake",10.1,42
"07/22/2017, Lake",9.2,38
"07/23/2017, Lake",8.7,36
"07/24/2017, Lake",5.8,24
"07/25/2017, Lake",4.9,20
"07/26/2017, Lake",7.3,30
"07/27/2017, Lake",11.7,49
"07/28/2017, Lake",8.0,33
"07/29/2017, Lake",8.5,35
"07/30/2017, Lake",8.7,36
"07/31/2017, Lake",10.1,42
"08/01/2017, Lake",12.0,50
"08/02/2017, Lake",14.6,56
"08/03/2017, Lake",12.2,51
"08/04/2017, Lake",10.1,42
"08/05/2017, Lake",8.1,34
"08/06/2017, Lake",11.6,48
"08/07/2017, Lake",11.0,46
"08/08/2017, Lake",7.6,32
"08/09/2017, Lake",13.8,55
"08/10/2017, Lake",12.4,52
"08/11/2017, Lake",13.8,55
"08/12/2017, Lake",9.2,38
"08/13/2017, Lake",6.9,29
"08/14/2017, Lake",8.1,34
"08/15/2017, Lake",16.5,60
"08/16/2017, Lake",9.6,40
"08/17/2017, Lake",9.7,40
"08/18/2017, Lake",6.6,28
"08/19/2017, Lake",9.8,41
"08/20/2017, Lake",11.0,46
"08/21/2017, Lake",15.2,58
"08/22/2017, Lake",11.4,48
"08/23/2017, Lake",9.5,40
"08/24/2017, Lake",6.1,25
"08/25/2017, Lake",8.3,35
"08/26/2017, Lake",10.3,43
"08/27/2017, Lake",10.3,43
"08/28/2017, Lake",10.7,45
"08/29/2017, Lake",11.3,47
"08/30/2017, Lake",11.8,49
"08/31/2017, Lake",7.9,33
"09/01/2017, Lake",3.9,16
"09/02/2017, Lake",5.6,23
"09/03/2017, Lake",10.9,45
"09/04/2017, Lake",13.4,54
"09/05/2017, Lake",9.4,39
"09/06/2017, Lake",5.9,25
"09/07/2017, Lake",5.1,21
"09/08/2017, Lake",4.7,20
"09/09/2017, Lake",6.2,26
"09/10/2017, Lake",4.9,20
"09/11/2017, Lake",4.8,20
"09/12/2017, Lake",6.5,27
"09/13/2017, Lake",8.6,36
"09/14/2017, Lake",5.8,24
"09/15/2017, Lake",7.6,32
"09/16/2017, Lake",11.3,47
"09/17/2017, Lake",12.5,52
"09/18/2017, Lake",11.4,48
"09/19/2017, Lake",14.7,56
"09/20/2017, Lake",12.8,52
"09/21/2017, Lake",10.6,44
"09/22/2017, Lake",11.1,46
"09/23/2017, Lake",9.6,40
"09/24/2017, Lake",14.4,56
"09/25/2017, Lake",13.0,53
"09/26/2017, Lake",9.9,41
"09/27/2017, Lake",10.2,43
"09/28/2017, Lake",3.3,14
"09/29/2017, Lake",4.9,20
"09/30/2017, Lake",4.9,20
"10/01/2017, Lake",5.5,23
"10/02/2017, Lake",7.5,31
"10/03/2017, Lake",8.1,34
"10/04/2017, Lake",9.8,41
"10/05/2017, Lake",5.4,23
"10/06/2017, Lake",9.2,38
"10/07/2017, Lake",7.7,32
"10/08/2017, Lake",5.4,23
"10/09/2017, Lake",4.3,18
"10/10/2017, Lake",9.1,38
"10/11/2017, Lake",4.9,20
"10/12/2017, Lake",5.3,22
"10/13/2017, Lake",6.6,28
"10/14/2017, Lake",9.9,41
"10/15/2017, Lake",8.0,33
"10/16/2017, Lake",3.4,14
"10/17/2017, Lake",5.3,22
"10/18/2017, Lake",6.6,28
"10/19/2017, Lake",10.5,44
"10/20/2017, Lake",9.5,40
"10/21/2017, Lake",11.5,48
"10/22/2017, Lake",11.3,47
"10/23/2017, Lake",5.7,24
"10/24/2017, Lake",2.6,11
"10/25/2017, Lake",3.8,16
"10/26/2017, Lake",4.7,20
"10/27/2017, Lake",7.9,33
"10/28/2017, Lake",3.8,16
"10/29/2017, Lake",3.6,15
"10/30/2017, Lake",6.0,25
"10/31/2017, Lake",5.9,25
"11/01/2017, Lake",6.6,28
"11/02/2017, Lake",10.2,43
"11/03/2017, Lake",5.0,21
"11/04/2017, Lake",6.5,27
"11/05/2017, Lake",8.0,33
"11/06/2017, Lake",4.1,17
"11/07/2017, Lake",4.5,19
"11/08/2017, Lake",7.0,29
"11/09/2017, Lake",7.5,31
"11/10/2017, Lake",4.0,17
"11/11/2017, Lake",5.9,25
"11/12/2017, Lake",12.2,51
"11/13/2017, Lake",9.5,40
"11/14/2017, Lake",10.9,45
"11/15/2017, Lake",8.3,35
"11/16/2017, Lake",4.8,20
"11/17/2017, Lake",4.9,20
"11/18/2017, Lake",5.6,23
"11/19/2017, Lake",4.9,20
"11/20/2017, Lake",6.1,25
"11/21/2017, Lake",7.0,29
"11/22/2017, Lake",4.6,19
"11/23/2017, Lake",5.6,23
"11/24/2017, Lake",6.3,26
"11/25/2017, Lake",7.4,31
"11/26/2017, Lake",5.0,21
"11/27/2017, Lake",9.2,38
"11/28/2017, Lake",5.9,25
"11/29/2017, Lake",6.2,26
"11/30/2017, Lake",9.0,38
"12/01/2017, Lake",6.9,29
"12/02/2017, Lake",9.4,39
"12/03/2017, Lake",14.0,55
"12/04/2017, Lake",9.1,38
"12/05/2017, Lake",7.1,30
"12/06/2017, Lake",4.5,19
"12/07/2017, Lake",5.5,23
"12/08/2017, Lake",5.1,21
"12/09/2017, Lake",6.8,28
"12/10/2017, Lake",5.8,24
"12/11/2017, Lake",6.0,25
"12/12/2017, Lake",4.6,19
"12/13/2017, Lake",3.8,16
"12/14/2017, Lake",6.3,26
"12/15/2017, Lake",5.3,22
"12/16/2017, Lake",8.0,33
"12/17/2017, Lake",11.7,49
"12/18/2017, Lake",8.7,36
"12/19/2017, Lake",9.7,40
"12/20/2017, Lake",5.4,23
"12/21/2017, Lake",5.1,21
"12/22/2017, Lake",8.1,34
"12/23/2017, Lake",5.2,22
"12/24/2017, Lake",4.6,19
"12/25/2017, Lake",5.6,23
"12/26/2017, Lake",5.8,24
"12/27/2017, Lake",4.9,20
"12/28/2017, Lake",5.7,24
"12/29/2017, Lake",7.7,32
"12/30/2017, Lake",6.3,26
"12/31/2017, Lake",3.4,14
"01/01/2017, Lorain",12.4,52
"01/04/2017, Lorain",6.3,26
"01/07/2017, Lorain",15.5,58
"01/10/2017, Lorain",5.5,23
"01/13/2017, Lorain",4.6,19
"01/16/2017, Lorain",26.6,81
"01/19/2017, Lorain",6.8,28
"01/22/2017, Lorain",5.9,25
"01/25/2017, Lorain",7.4,31
"01/28/2017, Lorain",11.4,48
"01/31/2017, Lorain",6.0,25
"02/03/2017, Lorain",5.2,22
"02/06/2017, Lorain",17.2,62
"02/09/2017, Lorain",3.0,13
"02/12/2017, Lorain",15.9,59
"02/15/2017, Lorain",2.2,9
"02/18/2017, Lorain",8.0,33
"02/21/2017, Lorain",11.0,46
"02/24/2017, Lorain",6.7,28
"02/27/2017, Lorain",5.7,24
"03/02/2017, Lorain",2.0,8
"03/05/2017, Lorain",4.4,18
"03/08/2017, Lorain",2.1,9
"03/11/2017, Lorain",3.5,15
"03/14/2017, Lorain",2.9,12
"03/17/2017, Lorain",12.4,52
"03/20/2017, Lorain",14.1,55
"03/23/2017, Lorain",6.2,26
"03/26/2017, Lorain",8.7,36
"03/29/2017, Lorain",3.5,15
"04/01/2017, Lorain",4.7,20
"04/04/2017, Lorain",3.6,15
"04/07/2017, Lorain",2.0,8
"04/10/2017, Lorain",7.3,30
"04/13/2017, Lorain",4.5,19
"04/16/2017, Lorain",11.1,46
"04/19/2017, Lorain",7.0,29
"04/22/2017, Lorain",3.0,13
"04/25/2017, Lorain",3.3,14
"04/28/2017, Lorain",3.5,15
"05/01/2017, Lorain",5.2,22
"05/04/2017, Lorain",4.1,17
"05/07/2017, Lorain",2.4,10
"05/13/2017, Lorain",7.9,33
"05/16/2017, Lorain",8.4,35
"05/19/2017, Lorain",4.2,18
"05/28/2017, Lorain",9.0,38
"05/31/2017, Lorain",3.8,16
"06/03/2017, Lorain",8.2,34
"06/06/2017, Lorain",2.2,9
"06/09/2017, Lorain",6.1,25
"06/12/2017, Lorain",10.6,44
"06/15/2017, Lorain",5.2,22
"06/18/2017, Lorain",7.0,29
"06/21/2017, Lorain",4.4,18
"06/24/2017, Lorain",4.6,19
"06/27/2017, Lorain",2.8,12
"06/30/2017, Lorain",4.5,19
"07/03/2017, Lorain",5.2,22
"07/06/2017, Lorain",11.0,46
"07/09/2017, Lorain",8.3,35
"07/12/2017, Lorain",9.4,39
"07/15/2017, Lorain",5.5,23
"07/18/2017, Lorain",9.5,40
"07/21/2017, Lorain",11.5,48
"07/24/2017, Lorain",4.0,17
"07/27/2017, Lorain",8.8,37
"07/30/2017, Lorain",5.2,22
"08/02/2017, Lorain",12.7,52
"08/05/2017, Lorain",4.8,20
"08/08/2017, Lorain",7.8,33
"08/11/2017, Lorain",11.4,48
"08/14/2017, Lorain",8.0,33
"08/17/2017, Lorain",9.7,40
"08/20/2017, Lorain",11.2,47
"08/23/2017, Lorain",6.2,26
"08/29/2017, Lorain",10.5,44
"09/04/2017, Lorain",12.0,50
"09/07/2017, Lorain",1.8,8
"09/10/2017, Lorain",4.8,20
"09/13/2017, Lorain",4.8,20
"09/16/2017, Lorain",10.1,42
"09/19/2017, Lorain",12.8,52
"09/22/2017, Lorain",10.9,45
"09/25/2017, Lorain",14.3,56
"10/01/2017, Lorain",7.2,30
"10/04/2017, Lorain",6.6,28
"10/07/2017, Lorain",7.1,30
"10/10/2017, Lorain",6.8,28
"10/16/2017, Lorain",2.1,9
"10/19/2017, Lorain",6.5,27
"10/22/2017, Lorain",10.0,42
"10/25/2017, Lorain",6.6,28
"10/28/2017, Lorain",2.7,11
"10/31/2017, Lorain",3.2,13
"11/03/2017, Lorain",3.6,15
"11/06/2017, Lorain",3.2,13
"11/09/2017, Lorain",10.8,45
"11/12/2017, Lorain",15.8,59
"11/15/2017, Lorain",13.3,54
"11/18/2017, Lorain",4.7,20
"11/21/2017, Lorain",4.5,19
"11/24/2017, Lorain",7.6,32
"11/27/2017, Lorain",11.4,48
"11/30/2017, Lorain",10.5,44
"12/03/2017, Lorain",20.0,68
"12/06/2017, Lorain",3.8,16
"12/09/2017, Lorain",10.8,45
"12/12/2017, Lorain",4.1,17
"12/15/2017, Lorain",13.1,53
"12/18/2017, Lorain",14.8,57
"12/21/2017, Lorain",7.8,33
"12/24/2017, Lorain",11.6,48
"12/27/2017, Lorain",12.3,51
"12/30/2017, Lorain",11.9,50
"01/01/2017, Lorain",12.5,52
"01/07/2017, Lorain",15.5,58
"01/13/2017, Lorain",5.1,21
"01/19/2017, Lorain",8.3,35
"01/25/2017, Lorain",6.6,28
"01/31/2017, Lorain",6.7,28
"02/06/2017, Lorain",18.0,63
"02/12/2017, Lorain",15.7,59
"02/18/2017, Lorain",8.5,35
"02/24/2017, Lorain",7.2,30
"03/08/2017, Lorain",2.5,10
"03/14/2017, Lorain",3.0,13
"03/20/2017, Lorain",15.1,57
"03/26/2017, Lorain",8.7,36
"04/01/2017, Lorain",4.2,18
"04/07/2017, Lorain",1.7,7
"04/13/2017, Lorain",4.4,18
"04/19/2017, Lorain",6.8,28
"04/25/2017, Lorain",3.5,15
"05/01/2017, Lorain",6.0,25
"05/07/2017, Lorain",2.7,11
"05/19/2017, Lorain",5.2,22
"05/25/2017, Lorain",3.4,14
"05/31/2017, Lorain",3.5,15
"06/06/2017, Lorain",2.8,12
"06/12/2017, Lorain",11.0,46
"06/18/2017, Lorain",7.2,30
"06/24/2017, Lorain",4.4,18
"06/30/2017, Lorain",3.5,15
"07/06/2017, Lorain",11.5,48
"07/12/2017, Lorain",10.2,43
"07/18/2017, Lorain",9.6,40
"07/24/2017, Lorain",4.1,17
"07/30/2017, Lorain",5.2,22
"08/05/2017, Lorain",4.4,18
"08/11/2017, Lorain",11.5,48
"08/17/2017, Lorain",10.0,42
"08/23/2017, Lorain",6.0,25
"08/29/2017, Lorain",9.9,41
"09/04/2017, Lorain",11.4,48
"09/10/2017, Lorain",4.6,19
"09/16/2017, Lorain",10.1,42
"09/22/2017, Lorain",10.7,45
"09/28/2017, Lorain",1.9,8
"10/04/2017, Lorain",6.9,29
"10/10/2017, Lorain",7.5,31
"10/22/2017, Lorain",10.1,42
"10/28/2017, Lorain",2.7,11
"11/03/2017, Lorain",4.0,17
"11/09/2017, Lorain",11.3,47
"11/15/2017, Lorain",13.3,54
"11/21/2017, Lorain",4.8,20
"11/27/2017, Lorain",11.2,47
"12/03/2017, Lorain",20.3,68
"12/09/2017, Lorain",10.9,45
"12/15/2017, Lorain",13.0,53
"12/21/2017, Lorain",8.0,33
"12/27/2017, Lorain",13.0,53
"01/01/2017, Lorain",5.5,23
"01/02/2017, Lorain",6.4,27
"01/03/2017, Lorain",1.2,5
"01/04/2017, Lorain",1.6,7
"01/05/2017, Lorain",1.6,7
"01/06/2017, Lorain",6.4,27
"01/07/2017, Lorain",5.7,24
"01/08/2017, Lorain",1.6,7
"01/09/2017, Lorain",3.8,16
"01/10/2017, Lorain",2.3,10
"01/11/2017, Lorain",3.7,15
"01/12/2017, Lorain",3.1,13
"01/13/2017, Lorain",2.8,12
"01/14/2017, Lorain",3.8,16
"01/15/2017, Lorain",9.0,38
"01/16/2017, Lorain",12.7,52
"01/17/2017, Lorain",3.1,13
"01/18/2017, Lorain",1.4,6
"01/19/2017, Lorain",1.7,7
"01/20/2017, Lorain",3.9,16
"01/21/2017, Lorain",4.4,18
"01/22/2017, Lorain",3.3,14
"01/23/2017, Lorain",3.1,13
"01/24/2017, Lorain",1.7,7
"01/25/2017, Lorain",2.9,12
"01/26/2017, Lorain",1.2,5
"01/27/2017, Lorain",1.3,5
"01/28/2017, Lorain",4.1,17
"01/29/2017, Lorain",2.7,11
"01/30/2017, Lorain",1.2,5
"01/31/2017, Lorain",2.6,11
"02/01/2017, Lorain",2.3,10
"02/02/2017, Lorain",1.5,6
"02/03/2017, Lorain",1.8,8
"02/04/2017, Lorain",1.3,5
"02/05/2017, Lorain",5.8,24
"02/06/2017, Lorain",9.0,38
"02/07/2017, Lorain",3.7,15
"02/08/2017, Lorain",1.9,8
"02/09/2017, Lorain",1.9,8
"02/10/2017, Lorain",2.1,9
"02/11/2017, Lorain",7.0,29
"02/12/2017, Lorain",6.0,25
"02/13/2017, Lorain",1.4,6
"02/14/2017, Lorain",1.3,5
"02/15/2017, Lorain",1.3,5
"02/16/2017, Lorain",2.3,10
"02/17/2017, Lorain",6.0,25
"02/18/2017, Lorain",6.7,28
"02/19/2017, Lorain",10.7,45
"02/20/2017, Lorain",5.4,23
"02/21/2017, Lorain",8.9,37
"02/22/2017, Lorain",10.3,43
"02/23/2017, Lorain",6.9,29
"02/24/2017, Lorain",4.8,20
"02/25/2017, Lorain",2.1,9
"02/26/2017, Lorain",3.0,13
"02/27/2017, Lorain",4.8,20
"02/28/2017, Lorain",3.6,15
"03/01/2017, Lorain",2.2,9
"03/02/2017, Lorain",1.6,7
"03/03/2017, Lorain",1.9,8
"03/04/2017, Lorain",1.3,5
"03/05/2017, Lorain",3.1,13
"03/06/2017, Lorain",8.6,36
"03/07/2017, Lorain",5.1,21
"03/08/2017, Lorain",1.3,5
"03/09/2017, Lorain",1.2,5
"03/10/2017, Lorain",1.1,5
"03/11/2017, Lorain",1.7,7
"03/12/2017, Lorain",1.2,5
"03/13/2017, Lorain",1.6,7
"03/14/2017, Lorain",0.6,3
"03/15/2017, Lorain",2.1,9
"03/16/2017, Lorain",3.7,15
"03/17/2017, Lorain",6.6,28
"03/18/2017, Lorain",4.7,20
"03/19/2017, Lorain",6.6,28
"03/20/2017, Lorain",6.1,25
"03/21/2017, Lorain",5.0,21
"03/22/2017, Lorain",2.2,9
"03/23/2017, Lorain",3.6,15
"03/24/2017, Lorain",11.0,46
"03/25/2017, Lorain",4.7,20
"03/26/2017, Lorain",4.7,20
"03/27/2017, Lorain",1.9,8
"03/28/2017, Lorain",2.0,8
"03/29/2017, Lorain",2.4,10
"03/30/2017, Lorain",3.4,14
"03/31/2017, Lorain",3.6,15
"04/01/2017, Lorain",3.7,15
"04/02/2017, Lorain",3.8,16
"04/03/2017, Lorain",2.9,12
"04/04/2017, Lorain",1.6,7
"04/05/2017, Lorain",1.4,6
"04/06/2017, Lorain",1.3,5
"04/07/2017, Lorain",0.6,3
"04/08/2017, Lorain",2.3,10
"04/09/2017, Lorain",5.2,22
"04/10/2017, Lorain",7.3,30
"04/11/2017, Lorain",5.0,21
"04/12/2017, Lorain",1.8,8
"04/13/2017, Lorain",2.6,11
"04/14/2017, Lorain",2.9,12
"04/15/2017, Lorain",9.8,41
"04/16/2017, Lorain",5.5,23
"04/17/2017, Lorain",1.8,8
"04/18/2017, Lorain",2.2,9
"04/19/2017, Lorain",5.6,23
"04/20/2017, Lorain",4.4,18
"04/21/2017, Lorain",0.7,3
"04/22/2017, Lorain",1.8,8
"04/23/2017, Lorain",4.1,17
"04/24/2017, Lorain",3.4,14
"04/25/2017, Lorain",2.2,9
"04/26/2017, Lorain",2.3,10
"04/27/2017, Lorain",3.7,15
"04/28/2017, Lorain",2.8,12
"04/29/2017, Lorain",2.1,9
"04/30/2017, Lorain",4.9,20
"05/01/2017, Lorain",3.1,13
"05/02/2017, Lorain",1.0,4
"05/03/2017, Lorain",0.8,3
"05/04/2017, Lorain",1.7,7
"05/05/2017, Lorain",0.2,1
"05/06/2017, Lorain",1.4,6
"05/07/2017, Lorain",1.5,6
"05/08/2017, Lorain",2.1,9
"05/09/2017, Lorain",3.6,15
"05/10/2017, Lorain",2.7,11
"05/11/2017, Lorain",2.4,10
"05/12/2017, Lorain",4.7,20
"05/13/2017, Lorain",6.0,25
"05/14/2017, Lorain",5.5,23
"05/15/2017, Lorain",2.2,9
"05/16/2017, Lorain",7.3,30
"05/17/2017, Lorain",8.4,35
"05/18/2017, Lorain",7.0,29
"05/19/2017, Lorain",2.2,9
"05/20/2017, Lorain",3.5,15
"05/21/2017, Lorain",5.9,25
"05/22/2017, Lorain",2.0,8
"05/23/2017, Lorain",3.2,13
"05/24/2017, Lorain",4.7,20
"05/25/2017, Lorain",1.9,8
"05/26/2017, Lorain",2.4,10
"05/27/2017, Lorain",4.1,17
"05/28/2017, Lorain",7.6,32
"05/29/2017, Lorain",3.2,13
"05/30/2017, Lorain",3.1,13
"05/31/2017, Lorain",2.5,10
"06/01/2017, Lorain",3.9,16
"06/02/2017, Lorain",6.5,27
"06/03/2017, Lorain",6.8,28
"06/04/2017, Lorain",9.3,39
"06/05/2017, Lorain",3.4,14
"06/06/2017, Lorain",1.4,6
"06/07/2017, Lorain",0.3,1
"06/08/2017, Lorain",1.1,5
"06/09/2017, Lorain",4.7,20
"06/10/2017, Lorain",7.2,30
"06/11/2017, Lorain",8.3,35
"06/12/2017, Lorain",8.8,37
"06/13/2017, Lorain",8.7,36
"06/14/2017, Lorain",7.7,32
"06/15/2017, Lorain",4.3,18
"06/16/2017, Lorain",5.4,23
"06/17/2017, Lorain",9.6,40
"06/18/2017, Lorain",6.1,25
"06/19/2017, Lorain",2.0,8
"06/20/2017, Lorain",0.9,4
"06/21/2017, Lorain",2.0,8
"06/22/2017, Lorain",6.0,25
"06/23/2017, Lorain",1.3,5
"06/24/2017, Lorain",2.8,12
"06/25/2017, Lorain",1.9,8
"06/26/2017, Lorain",1.8,8
"06/27/2017, Lorain",1.4,6
"06/28/2017, Lorain",3.7,15
"06/29/2017, Lorain",5.9,25
"06/30/2017, Lorain",2.7,11
"07/01/2017, Lorain",4.1,17
"07/02/2017, Lorain",6.0,25
"07/03/2017, Lorain",4.3,18
"07/04/2017, Lorain",3.9,16
"07/05/2017, Lorain",9.0,38
"07/06/2017, Lorain",9.4,39
"07/07/2017, Lorain",2.9,12
"07/08/2017, Lorain",4.4,18
"07/09/2017, Lorain",5.1,21
"07/10/2017, Lorain",3.6,15
"07/11/2017, Lorain",5.4,23
"07/12/2017, Lorain",7.8,33
"07/13/2017, Lorain",7.8,33
"07/14/2017, Lorain",4.0,17
"07/15/2017, Lorain",3.5,15
"07/16/2017, Lorain",7.5,31
"07/17/2017, Lorain",7.7,32
"07/18/2017, Lorain",10.2,43
"07/19/2017, Lorain",13.7,54
"07/20/2017, Lorain",6.6,28
"07/21/2017, Lorain",7.7,32
"07/22/2017, Lorain",3.3,14
"07/23/2017, Lorain",2.2,9
"07/24/2017, Lorain",1.1,5
"07/25/2017, Lorain",0.9,4
"07/26/2017, Lorain",4.6,19
"07/27/2017, Lorain",7.3,30
"07/28/2017, Lorain",3.2,13
"07/29/2017, Lorain",2.3,10
"07/30/2017, Lorain",3.8,16
"07/31/2017, Lorain",7.6,32
"08/01/2017, Lorain",9.0,38
"08/02/2017, Lorain",10.7,45
"08/03/2017, Lorain",9.1,38
"08/04/2017, Lorain",4.1,17
"08/05/2017, Lorain",2.3,10
"08/06/2017, Lorain",4.5,19
"08/07/2017, Lorain",6.0,25
"08/08/2017, Lorain",5.4,23
"08/09/2017, Lorain",9.0,38
"08/10/2017, Lorain",10.0,42
"08/11/2017, Lorain",8.5,35
"08/12/2017, Lorain",4.9,20
"08/13/2017, Lorain",2.3,10
"08/14/2017, Lorain",6.1,25
"08/15/2017, Lorain",11.6,48
"08/16/2017, Lorain",7.9,33
"08/17/2017, Lorain",9.1,38
"08/18/2017, Lorain",2.8,12
"08/19/2017, Lorain",5.4,23
"08/20/2017, Lorain",9.9,41
"08/21/2017, Lorain",11.9,50
"08/22/2017, Lorain",5.7,24
"08/23/2017, Lorain",3.3,14
"08/24/2017, Lorain",2.3,10
"08/25/2017, Lorain",2.4,10
"08/26/2017, Lorain",4.0,17
"08/27/2017, Lorain",7.2,30
"08/28/2017, Lorain",7.6,32
"08/29/2017, Lorain",8.1,34
"08/30/2017, Lorain",9.6,40
"08/31/2017, Lorain",4.6,19
"09/01/2017, Lorain",1.3,5
"09/02/2017, Lorain",2.6,11
"09/03/2017, Lorain",7.3,30
"09/04/2017, Lorain",9.7,40
"09/05/2017, Lorain",4.5,19
"09/06/2017, Lorain",2.8,12
"09/07/2017, Lorain",1.3,5
"09/08/2017, Lorain",1.8,8
"09/09/2017, Lorain",1.6,7
"09/10/2017, Lorain",3.5,15
"09/11/2017, Lorain",2.5,10
"09/12/2017, Lorain",3.6,15
"09/13/2017, Lorain",3.9,16
"09/14/2017, Lorain",2.0,8
"09/15/2017, Lorain",3.9,16
"09/16/2017, Lorain",8.5,35
"09/17/2017, Lorain",11.0,46
"09/18/2017, Lorain",9.0,38
"09/19/2017, Lorain",10.5,44
"09/20/2017, Lorain",7.3,30
"09/21/2017, Lorain",8.9,37
"09/22/2017, Lorain",8.5,35
"09/23/2017, Lorain",8.2,34
"09/24/2017, Lorain",12.6,52
"09/25/2017, Lorain",11.0,46
"09/26/2017, Lorain",8.6,36
"09/27/2017, Lorain",7.5,31
"09/28/2017, Lorain",0.4,2
"09/29/2017, Lorain",1.8,8
"09/30/2017, Lorain",1.0,4
"10/01/2017, Lorain",3.7,15
"10/02/2017, Lorain",5.6,23
"10/03/2017, Lorain",4.4,18
"10/04/2017, Lorain",4.8,20
"10/05/2017, Lorain",1.6,7
"10/06/2017, Lorain",7.0,29
"10/07/2017, Lorain",4.7,20
"10/08/2017, Lorain",1.7,7
"10/09/2017, Lorain",3.1,13
"10/10/2017, Lorain",5.1,21
"10/11/2017, Lorain",3.2,13
"10/12/2017, Lorain",2.0,8
"10/13/2017, Lorain",3.4,14
"10/14/2017, Lorain",9.7,40
"10/15/2017, Lorain",4.6,19
"10/16/2017, Lorain",1.2,5
"10/17/2017, Lorain",2.8,12
"10/18/2017, Lorain",4.5,19
"10/19/2017, Lorain",6.1,25
"10/20/2017, Lorain",4.5,19
"10/21/2017, Lorain",8.0,33
"10/22/2017, Lorain",7.6,32
"10/23/2017, Lorain",2.8,12
"10/24/2017, Lorain",1.2,5
"10/25/2017, Lorain",1.6,7
"10/26/2017, Lorain",2.7,11
"10/27/2017, Lorain",2.7,11
"10/28/2017, Lorain",0.2,1
"10/29/2017, Lorain",0.3,1
"10/30/2017, Lorain",2.7,11
"10/31/2017, Lorain",1.9,8
"11/01/2017, Lorain",4.0,17
"11/02/2017, Lorain",7.7,32
"11/03/2017, Lorain",2.4,10
"11/04/2017, Lorain",3.9,16
"11/05/2017, Lorain",5.8,24
"11/06/2017, Lorain",2.1,9
"11/07/2017, Lorain",1.5,6
"11/08/2017, Lorain",2.5,10
"11/09/2017, Lorain",3.5,15
"11/10/2017, Lorain",0.2,1
"11/11/2017, Lorain",3.1,13
"11/12/2017, Lorain",10.0,42
"11/13/2017, Lorain",4.5,19
"11/14/2017, Lorain",6.4,27
"11/15/2017, Lorain",6.0,25
"11/16/2017, Lorain",1.5,6
"11/17/2017, Lorain",1.0,4
"11/18/2017, Lorain",2.8,12
"11/19/2017, Lorain",2.2,9
"11/20/2017, Lorain",2.9,12
"11/21/2017, Lorain",3.9,16
"11/22/2017, Lorain",1.2,5
"11/23/2017, Lorain",1.0,4
"11/24/2017, Lorain",2.4,10
"11/25/2017, Lorain",3.0,13
"11/26/2017, Lorain",1.5,6
"11/27/2017, Lorain",5.5,23
"11/28/2017, Lorain",3.4,14
"11/29/2017, Lorain",3.0,13
"11/30/2017, Lorain",6.3,26
"12/01/2017, Lorain",3.4,14
"12/02/2017, Lorain",8.4,35
"12/03/2017, Lorain",9.7,40
"12/04/2017, Lorain",7.9,33
"12/05/2017, Lorain",3.9,16
"12/06/2017, Lorain",0.3,1
"12/07/2017, Lorain",1.4,6
"12/08/2017, Lorain",1.7,7
"12/09/2017, Lorain",4.8,20
"12/10/2017, Lorain",3.3,14
"12/11/2017, Lorain",3.0,13
"12/12/2017, Lorain",1.7,7
"12/13/2017, Lorain",1.0,4
"12/14/2017, Lorain",3.5,15
"12/15/2017, Lorain",3.4,14
"12/16/2017, Lorain",5.0,21
"12/17/2017, Lorain",10.7,45
"12/18/2017, Lorain",5.6,23
"12/19/2017, Lorain",6.8,28
"12/20/2017, Lorain",2.3,10
"12/21/2017, Lorain",2.9,12
"12/22/2017, Lorain",5.8,24
"12/23/2017, Lorain",3.4,14
"12/24/2017, Lorain",3.4,14
"12/25/2017, Lorain",3.0,13
"12/26/2017, Lorain",2.8,12
"12/27/2017, Lorain",4.7,20
"12/28/2017, Lorain",4.4,18
"12/29/2017, Lorain",3.5,15
"12/30/2017, Lorain",2.1,9
"12/31/2017, Lorain",3.6,15
"01/01/2017, Medina",12.1,51
"01/04/2017, Medina",3.6,15
"01/07/2017, Medina",15.9,59
"01/13/2017, Medina",6.2,26
"01/16/2017, Medina",27.7,84
"01/19/2017, Medina",8.6,36
"02/03/2017, Medina",7.2,30
"02/06/2017, Medina",19.2,66
"02/09/2017, Medina",3.4,14
"02/12/2017, Medina",11.6,48
"02/15/2017, Medina",2.5,10
"02/18/2017, Medina",8.5,35
"02/21/2017, Medina",12.2,51
"02/24/2017, Medina",7.0,29
"02/27/2017, Medina",5.7,24
"03/02/2017, Medina",2.8,12
"03/05/2017, Medina",5.4,23
"03/08/2017, Medina",1.4,6
"03/11/2017, Medina",3.9,16
"03/14/2017, Medina",3.0,13
"03/17/2017, Medina",13.8,55
"03/20/2017, Medina",12.7,52
"03/23/2017, Medina",5.7,24
"03/26/2017, Medina",10.0,42
"03/29/2017, Medina",4.0,17
"04/01/2017, Medina",6.9,29
"04/04/2017, Medina",3.4,14
"04/16/2017, Medina",7.5,31
"04/19/2017, Medina",6.6,28
"04/22/2017, Medina",3.2,13
"04/25/2017, Medina",4.0,17
"04/28/2017, Medina",11.3,47
"05/01/2017, Medina",5.7,24
"05/04/2017, Medina",5.5,23
"05/07/2017, Medina",3.0,13
"05/10/2017, Medina",5.0,21
"05/13/2017, Medina",7.4,31
"05/16/2017, Medina",9.2,38
"05/19/2017, Medina",6.2,26
"05/22/2017, Medina",3.2,13
"05/25/2017, Medina",2.8,12
"05/28/2017, Medina",8.6,36
"05/31/2017, Medina",4.0,17
"06/03/2017, Medina",9.1,38
"06/06/2017, Medina",2.6,11
"06/09/2017, Medina",7.0,29
"06/12/2017, Medina",10.9,45
"06/21/2017, Medina",4.7,20
"06/24/2017, Medina",4.2,18
"06/27/2017, Medina",3.2,13
"06/30/2017, Medina",5.7,24
"07/03/2017, Medina",7.7,32
"07/06/2017, Medina",10.5,44
"07/09/2017, Medina",7.5,31
"07/15/2017, Medina",4.8,20
"07/18/2017, Medina",11.2,47
"07/21/2017, Medina",9.5,40
"07/24/2017, Medina",4.6,19
"07/27/2017, Medina",11.1,46
"07/30/2017, Medina",7.8,33
"08/02/2017, Medina",11.5,48
"08/05/2017, Medina",3.9,16
"08/08/2017, Medina",6.9,29
"08/11/2017, Medina",11.7,49
"08/14/2017, Medina",8.1,34
"08/17/2017, Medina",9.7,40
"08/20/2017, Medina",11.4,48
"08/23/2017, Medina",6.8,28
"08/26/2017, Medina",6.8,28
"08/29/2017, Medina",10.4,43
"09/01/2017, Medina",2.7,11
"09/04/2017, Medina",15.3,58
"09/07/2017, Medina",2.0,8
"09/10/2017, Medina",3.6,15
"09/13/2017, Medina",4.7,20
"09/16/2017, Medina",12.0,50
"09/19/2017, Medina",13.1,53
"09/22/2017, Medina",10.2,43
"09/25/2017, Medina",10.8,45
"09/28/2017, Medina",2.2,9
"10/01/2017, Medina",5.8,24
"10/04/2017, Medina",6.7,28
"10/07/2017, Medina",7.9,33
"10/10/2017, Medina",7.0,29
"10/13/2017, Medina",6.4,27
"10/16/2017, Medina",2.2,9
"10/19/2017, Medina",7.5,31
"10/22/2017, Medina",10.5,44
"10/25/2017, Medina",2.7,11
"10/28/2017, Medina",3.1,13
"10/31/2017, Medina",3.4,14
"11/03/2017, Medina",4.4,18
"11/06/2017, Medina",2.7,11
"11/09/2017, Medina",8.6,36
"11/12/2017, Medina",18.9,65
"11/15/2017, Medina",13.5,54
"11/18/2017, Medina",4.7,20
"11/21/2017, Medina",4.6,19
"11/24/2017, Medina",7.3,30
"11/27/2017, Medina",10.9,45
"11/30/2017, Medina",11.8,49
"12/03/2017, Medina",18.8,65
"12/06/2017, Medina",3.2,13
"12/09/2017, Medina",11.6,48
"12/12/2017, Medina",4.7,20
"12/15/2017, Medina",15.1,57
"12/18/2017, Medina",12.7,52
"12/21/2017, Medina",5.8,24
"12/24/2017, Medina",15.1,57
"12/27/2017, Medina",10.7,45
"12/30/2017, Medina",13.2,53
"01/01/2017, Medina",11.6,48
"01/02/2017, Medina",12.1,51
"01/03/2017, Medina",4.2,18
"01/04/2017, Medina",4.9,20
"01/05/2017, Medina",6.8,28
"01/06/2017, Medina",15.3,58
"01/07/2017, Medina",15.1,57
"01/08/2017, Medina",5.5,23
"01/09/2017, Medina",9.5,40
"01/10/2017, Medina",6.3,26
"01/11/2017, Medina",6.2,26
"01/12/2017, Medina",3.8,16
"01/13/2017, Medina",6.6,28
"01/14/2017, Medina",9.6,40
"01/15/2017, Medina",18.0,63
"01/16/2017, Medina",24.7,77
"01/17/2017, Medina",8.2,34
"01/18/2017, Medina",2.3,10
"01/19/2017, Medina",6.1,25
"01/20/2017, Medina",6.2,26
"01/21/2017, Medina",6.3,26
"01/22/2017, Medina",5.1,21
"01/23/2017, Medina",6.9,29
"01/24/2017, Medina",3.7,15
"01/25/2017, Medina",5.4,23
"01/26/2017, Medina",4.1,17
"01/27/2017, Medina",3.9,16
"01/28/2017, Medina",9.4,39
"01/29/2017, Medina",8.7,36
"01/30/2017, Medina",4.6,19
"01/31/2017, Medina",4.4,18
"02/01/2017, Medina",6.1,25
"02/02/2017, Medina",5.3,22
"02/03/2017, Medina",8.0,33
"02/04/2017, Medina",5.9,25
"02/05/2017, Medina",10.8,45
"02/06/2017, Medina",15.9,59
"02/07/2017, Medina",5.1,21
"02/08/2017, Medina",6.5,27
"02/09/2017, Medina",5.4,23
"02/10/2017, Medina",9.2,38
"02/11/2017, Medina",8.5,35
"02/12/2017, Medina",11.1,46
"02/13/2017, Medina",3.9,16
"02/14/2017, Medina",6.1,25
"02/15/2017, Medina",3.5,15
"02/16/2017, Medina",4.7,20
"02/17/2017, Medina",10.5,44
"02/18/2017, Medina",9.6,40
"02/19/2017, Medina",12.3,51
"02/20/2017, Medina",9.4,39
"02/21/2017, Medina",12.2,51
"02/22/2017, Medina",13.3,54
"02/23/2017, Medina",9.8,41
"02/24/2017, Medina",7.4,31
"02/25/2017, Medina",3.5,15
"02/26/2017, Medina",6.2,26
"02/27/2017, Medina",6.2,26
"02/28/2017, Medina",8.0,33
"03/01/2017, Medina",4.4,18
"03/02/2017, Medina",3.1,13
"03/03/2017, Medina",4.1,17
"03/04/2017, Medina",4.1,17
"03/05/2017, Medina",5.6,23
"03/06/2017, Medina",8.5,35
"03/07/2017, Medina",7.4,31
"03/08/2017, Medina",1.3,5
"03/09/2017, Medina",2.0,8
"03/10/2017, Medina",3.9,16
"03/11/2017, Medina",4.2,18
"03/12/2017, Medina",5.7,24
"03/13/2017, Medina",5.3,22
"03/14/2017, Medina",2.9,12
"03/15/2017, Medina",4.0,17
"03/16/2017, Medina",6.3,26
"03/17/2017, Medina",12.7,52
"03/18/2017, Medina",8.5,35
"03/19/2017, Medina",14.8,57
"03/20/2017, Medina",11.8,49
"03/21/2017, Medina",9.0,38
"03/22/2017, Medina",4.0,17
"03/23/2017, Medina",5.7,24
"03/24/2017, Medina",10.6,44
"03/25/2017, Medina",12.5,52
"03/26/2017, Medina",9.9,41
"03/27/2017, Medina",4.6,19
"03/28/2017, Medina",5.4,23
"03/29/2017, Medina",4.4,18
"03/30/2017, Medina",5.8,24
"03/31/2017, Medina",3.6,15
"04/01/2017, Medina",5.6,23
"04/02/2017, Medina",6.9,29
"04/03/2017, Medina",5.8,24
"04/04/2017, Medina",4.6,19
"04/05/2017, Medina",2.8,12
"04/06/2017, Medina",3.5,15
"04/07/2017, Medina",1.9,8
"04/08/2017, Medina",3.0,13
"04/09/2017, Medina",6.3,26
"04/10/2017, Medina",6.2,26
"04/11/2017, Medina",5.9,25
"04/12/2017, Medina",3.5,15
"04/13/2017, Medina",5.2,22
"04/14/2017, Medina",7.1,30
"04/15/2017, Medina",13.4,54
"04/16/2017, Medina",8.1,34
"04/17/2017, Medina",1.8,8
"04/18/2017, Medina",3.5,15
"04/19/2017, Medina",5.7,24
"04/20/2017, Medina",5.1,21
"04/21/2017, Medina",1.9,8
"04/22/2017, Medina",2.7,11
"04/23/2017, Medina",4.4,18
"04/24/2017, Medina",2.6,11
"04/25/2017, Medina",3.1,13
"04/26/2017, Medina",5.6,23
"04/27/2017, Medina",6.0,25
"04/28/2017, Medina",5.1,21
"04/29/2017, Medina",6.7,28
"04/30/2017, Medina",9.0,38
"05/01/2017, Medina",6.0,25
"05/02/2017, Medina",2.2,9
"05/03/2017, Medina",3.4,14
"05/04/2017, Medina",4.8,20
"05/05/2017, Medina",2.0,8
"05/06/2017, Medina",2.7,11
"05/07/2017, Medina",2.6,11
"05/08/2017, Medina",2.9,12
"05/09/2017, Medina",4.5,19
"05/10/2017, Medina",5.6,23
"05/16/2017, Medina",8.2,34
"05/17/2017, Medina",12.0,50
"05/18/2017, Medina",9.2,38
"05/19/2017, Medina",6.6,28
"05/20/2017, Medina",8.6,36
"05/21/2017, Medina",6.5,27
"05/22/2017, Medina",2.7,11
"05/23/2017, Medina",6.4,27
"05/24/2017, Medina",5.5,23
"05/25/2017, Medina",1.9,8
"05/26/2017, Medina",5.7,24
"05/27/2017, Medina",7.6,32
"05/28/2017, Medina",8.5,35
"05/29/2017, Medina",4.7,20
"05/30/2017, Medina",4.6,19
"05/31/2017, Medina",2.8,12
"06/01/2017, Medina",5.1,21
"06/02/2017, Medina",6.9,29
"06/03/2017, Medina",9.2,38
"06/04/2017, Medina",10.3,43
"06/05/2017, Medina",7.6,32
"06/06/2017, Medina",4.7,20
"06/07/2017, Medina",2.3,10
"06/08/2017, Medina",4.0,17
"06/09/2017, Medina",6.9,29
"06/10/2017, Medina",8.5,35
"06/11/2017, Medina",10.4,43
"06/12/2017, Medina",10.3,43
"06/13/2017, Medina",8.9,37
"06/14/2017, Medina",6.7,28
"06/15/2017, Medina",4.3,18
"06/16/2017, Medina",5.4,23
"06/17/2017, Medina",9.6,40
"06/18/2017, Medina",7.1,30
"06/19/2017, Medina",2.8,12
"06/20/2017, Medina",3.3,14
"06/21/2017, Medina",4.9,20
"06/22/2017, Medina",7.0,29
"06/23/2017, Medina",2.2,9
"06/24/2017, Medina",4.7,20
"06/25/2017, Medina",4.0,17
"06/26/2017, Medina",2.9,12
"06/27/2017, Medina",3.0,13
"06/28/2017, Medina",4.5,19
"06/29/2017, Medina",7.6,32
"06/30/2017, Medina",5.5,23
"07/01/2017, Medina",4.3,18
"07/02/2017, Medina",6.2,26
"07/03/2017, Medina",7.0,29
"07/04/2017, Medina",6.5,27
"07/05/2017, Medina",9.1,38
"07/06/2017, Medina",10.1,42
"07/07/2017, Medina",6.0,25
"07/08/2017, Medina",5.5,23
"07/09/2017, Medina",8.6,36
"07/11/2017, Medina",19.4,66
"07/12/2017, Medina",12.5,52
"07/13/2017, Medina",20.4,68
"07/14/2017, Medina",8.7,36
"07/15/2017, Medina",7.1,30
"07/16/2017, Medina",7.2,30
"07/17/2017, Medina",17.8,63
"07/18/2017, Medina",10.9,45
"07/19/2017, Medina",12.8,52
"07/20/2017, Medina",8.1,34
"07/21/2017, Medina",7.7,32
"07/22/2017, Medina",9.1,38
"07/23/2017, Medina",5.3,22
"07/24/2017, Medina",4.3,18
"07/25/2017, Medina",12.3,51
"07/26/2017, Medina",7.2,30
"07/27/2017, Medina",6.5,27
"07/28/2017, Medina",8.3,35
"07/29/2017, Medina",5.0,21
"07/30/2017, Medina",8.7,36
"07/31/2017, Medina",7.4,31
"08/01/2017, Medina",8.5,35
"08/02/2017, Medina",9.3,39
"08/03/2017, Medina",10.2,43
"08/04/2017, Medina",7.4,31
"08/05/2017, Medina",4.0,17
"08/06/2017, Medina",5.4,23
"08/07/2017, Medina",7.2,30
"08/08/2017, Medina",7.3,30
"08/09/2017, Medina",11.1,46
"08/10/2017, Medina",13.0,53
"08/11/2017, Medina",11.5,48
"08/12/2017, Medina",8.5,35
"08/13/2017, Medina",6.4,27
"08/14/2017, Medina",7.7,32
"08/15/2017, Medina",10.6,44
"08/16/2017, Medina",8.5,35
"08/17/2017, Medina",10.4,43
"08/18/2017, Medina",4.9,20
"08/19/2017, Medina",6.7,28
"08/20/2017, Medina",10.8,45
"08/21/2017, Medina",11.7,49
"08/22/2017, Medina",9.6,40
"08/23/2017, Medina",6.6,28
"08/24/2017, Medina",6.5,27
"08/25/2017, Medina",5.2,22
"08/26/2017, Medina",7.1,30
"08/27/2017, Medina",10.2,43
"08/28/2017, Medina",11.0,46
"08/29/2017, Medina",10.6,44
"08/30/2017, Medina",11.6,48
"08/31/2017, Medina",9.3,39
"09/01/2017, Medina",3.7,15
"09/02/2017, Medina",5.9,25
"09/03/2017, Medina",9.3,39
"09/04/2017, Medina",14.6,56
"09/05/2017, Medina",10.6,44
"09/06/2017, Medina",5.2,22
"09/07/2017, Medina",2.9,12
"09/08/2017, Medina",3.4,14
"09/09/2017, Medina",4.9,20
"09/10/2017, Medina",4.9,20
"09/11/2017, Medina",4.8,20
"09/12/2017, Medina",5.9,25
"09/13/2017, Medina",5.7,24
"09/14/2017, Medina",3.5,15
"09/15/2017, Medina",4.8,20
"09/16/2017, Medina",11.4,48
"09/17/2017, Medina",9.4,39
"09/18/2017, Medina",8.7,36
"09/19/2017, Medina",12.6,52
"09/20/2017, Medina",9.9,41
"09/21/2017, Medina",11.3,47
"09/22/2017, Medina",10.6,44
"09/23/2017, Medina",10.3,43
"09/24/2017, Medina",10.6,44
"09/25/2017, Medina",10.5,44
"09/26/2017, Medina",9.3,39
"09/27/2017, Medina",10.9,45
"09/28/2017, Medina",3.3,14
"09/29/2017, Medina",5.4,23
"09/30/2017, Medina",3.4,14
"10/01/2017, Medina",5.9,25
"10/02/2017, Medina",5.8,24
"10/03/2017, Medina",5.8,24
"10/04/2017, Medina",7.0,29
"10/05/2017, Medina",4.9,20
"10/06/2017, Medina",10.1,42
"10/07/2017, Medina",9.0,38
"10/08/2017, Medina",2.8,12
"10/09/2017, Medina",2.4,10
"10/10/2017, Medina",7.7,32
"10/11/2017, Medina",8.5,35
"10/12/2017, Medina",4.2,18
"10/13/2017, Medina",7.7,32
"10/14/2017, Medina",9.4,39
"10/15/2017, Medina",6.2,26
"10/16/2017, Medina",3.5,15
"10/17/2017, Medina",6.5,27
"10/18/2017, Medina",5.3,22
"10/19/2017, Medina",8.0,33
"10/20/2017, Medina",8.4,35
"10/21/2017, Medina",13.2,53
"10/22/2017, Medina",11.1,46
"10/23/2017, Medina",6.2,26
"10/24/2017, Medina",3.1,13
"10/25/2017, Medina",4.2,18
"10/26/2017, Medina",5.2,22
"10/27/2017, Medina",8.0,33
"10/28/2017, Medina",5.1,21
"10/29/2017, Medina",4.8,20
"10/30/2017, Medina",4.9,20
"10/31/2017, Medina",4.6,19
"11/01/2017, Medina",8.1,34
"11/02/2017, Medina",8.3,35
"11/03/2017, Medina",5.7,24
"11/04/2017, Medina",6.3,26
"11/05/2017, Medina",7.6,32
"11/06/2017, Medina",4.0,17
"11/07/2017, Medina",5.6,23
"11/08/2017, Medina",7.0,29
"11/09/2017, Medina",9.5,40
"11/10/2017, Medina",4.7,20
"11/11/2017, Medina",10.1,42
"11/12/2017, Medina",19.3,66
"11/13/2017, Medina",13.4,54
"11/14/2017, Medina",14.0,55
"11/15/2017, Medina",11.5,48
"11/16/2017, Medina",5.4,23
"11/17/2017, Medina",5.7,24
"11/18/2017, Medina",5.8,24
"11/19/2017, Medina",4.4,18
"11/20/2017, Medina",7.7,32
"11/21/2017, Medina",5.6,23
"11/22/2017, Medina",5.2,22
"11/23/2017, Medina",8.8,37
"11/24/2017, Medina",8.5,35
"11/25/2017, Medina",5.1,21
"11/26/2017, Medina",4.2,18
"11/27/2017, Medina",10.8,45
"11/28/2017, Medina",6.9,29
"11/29/2017, Medina",7.0,29
"11/30/2017, Medina",10.6,44
"12/01/2017, Medina",7.3,30
"12/02/2017, Medina",17.2,62
"12/03/2017, Medina",18.0,63
"12/04/2017, Medina",15.0,57
"12/05/2017, Medina",6.7,28
"12/06/2017, Medina",8.6,36
"12/07/2017, Medina",7.2,30
"12/08/2017, Medina",9.0,38
"12/09/2017, Medina",13.6,54
"12/10/2017, Medina",11.7,49
"12/11/2017, Medina",10.7,45
"12/12/2017, Medina",7.5,31
"12/13/2017, Medina",6.9,29
"12/14/2017, Medina",9.7,40
"12/15/2017, Medina",16.9,61
"12/16/2017, Medina",11.1,46
"12/17/2017, Medina",17.5,62
"12/18/2017, Medina",13.3,54
"12/19/2017, Medina",13.6,54
"12/20/2017, Medina",8.3,35
"12/21/2017, Medina",7.5,31
"12/22/2017, Medina",9.0,38
"12/23/2017, Medina",9.2,38
"12/24/2017, Medina",15.7,59
"12/25/2017, Medina",8.2,34
"12/26/2017, Medina",8.7,36
"12/27/2017, Medina",12.0,50
"12/28/2017, Medina",13.8,55
"12/29/2017, Medina",16.5,60
"12/30/2017, Medina",13.9,55
"12/31/2017, Medina",10.3,43
